,text,username,emoji,t_luggages,t_flight_delays,t_flight_bookings,t_club,t_customer_service,t_in-flight,t_seatings,others,f_enquiry,f_compliment,f_complaint,f_info,s_positive,s_negative,s_neutral
281,That would be awesome to have a @amyjones_03 byline in the @DispatchAlerts ...,BrianHedger,,0,0,0,0,0,0,0,1,0,0,0,1,0,0,1
282,Can y‚Äôall pls ground all Boeing 737 Max‚Äôs? I‚Äôm really not trying to die in a plane crash @AmericanAir,CarlsCisneros,,0,0,0,0,0,0,0,1,0,0,0,1,0,1,0
283,@British_Airways I have just seen the new television advert and cannot believe the reality gap with how you are selling yourselves and the reality you offer.,stoneback,,0,0,0,0,0,0,0,1,0,0,0,1,0,1,0
284,You look like you could be JR's brother,BruddaJokka,,0,0,0,0,0,0,0,0,0,0,0,0,0,0,0
285,‚ÄúAll of a sudden?‚Äù,JoshJane,ü§¶üèæ‚Äç‚ôÄÔ∏è,0,0,0,0,0,0,0,0,0,0,0,0,0,0,0
286,@Delta Just got off the DCA-LAX flight. The cree on that flight was fantastic. That is because of flights like that that I keep traveling with Delta!,lisabmtl,,0,0,0,0,0,1,0,0,0,1,0,0,1,0,0
287,@British_Airways I can‚Äôt check in online as it says your system is down. Is there a number I can call?,JadePower59,,1,0,0,0,0,0,0,0,1,0,0,0,0,0,1
288,hey! don't use deltas name in vain.,blazejaded,,0,0,0,0,0,0,0,0,0,0,0,0,0,0,0
289,What is the point of purchasing an airline ticket @AmericanAir and reserving a seat with extra leg room?? They will just change your seat when you check in. I should‚Äôve flown @SouthwestAir and saved some money. The next two hours of my life is going to suck!!pic.twitter.com/oHeHuvBt2H,tabsonraven,,0,0,0,0,0,0,1,0,0,0,1,0,0,1,0
290,Wheels down in Dallas for #ATEC2019 thanks @AmericanAir for the safe and on time trip from Indianapolis. Great pilots and cabin crew! pic.twitter.com/9hZH0TOcYv,GamesKenneth,,0,0,0,0,0,1,0,0,0,1,0,0,1,0,0
291,"@AmericanAir Yo, American - do you want my money or not? Your site has been down for the past 15 minutes and I'm trying to get some vitamin SEA!",CourtneyOsgood,,0,0,1,0,0,0,0,0,0,0,1,0,0,1,0
292,"Yeah but faster, right?",lisacrispin,,0,0,0,0,0,0,0,0,0,0,0,0,0,0,0
293,Was also told no other options on other airlines...maybe I‚Äôll fly @Delta next timepic.twitter.com/eICXeCxRbl,realericwaniger,,0,0,1,0,0,0,0,0,0,0,1,0,0,1,0
294,"After flying nearly 2M miles, I try hard to book Delta. They aren't perfect, but they're better than the rest. In markets where there is competition, they match the best fares, too.",MemphiSeagrove,,0,0,1,0,0,0,0,0,0,1,0,0,1,0,0
295,Flight#122 pnr code xbsmvd additionally that same day our luggage was delayed about 5hrs on the same day,ssgcoolguy33,,1,0,0,0,0,0,0,0,0,0,1,0,0,1,0
296,hahahah pretty much. Good thing @Delta's got your back!! https://twitter.com/jen_flowers/status/1103038556077989888 ‚Ä¶,THELindaRey,,0,0,0,0,0,0,0,0,0,1,0,0,1,0,0
297,"Oh, how many cease and desist letters to travel startups and other travel businesses did @SouthwestAir send?:) Would be a who's who of online travel, and it continues today.",denschaal,,0,0,0,0,0,0,0,1,0,0,1,0,0,1,0
298,Designed by @FATIIIAviation ! Got my first log on the very first day of 2019! (On an #A350 though... ) pic.twitter.com/g822hOevDY,kevinjia1122,,0,0,0,0,0,0,0,0,0,0,0,0,1,0,0
299,@British_Airways just had a nightmare checking in I was told that I could change my seats when I checked in I am going on 3 flights I am unable to change my seats as I had to check in first leg to get to 2 nd ##,lynda_baynes,,0,0,0,0,0,0,1,0,0,0,1,0,0,1,0
300,Hey @AmericanAir how about some free drinks for the 2 hour delay of flight 395 out of ORD for a broken plane?,erdoc38,,0,1,0,0,0,0,0,0,0,0,1,0,0,1,0
301,"You just told me same day flight change, benefit of Platinum Pro, has to be same routing. So I select same itinerary but now you want to charge me 7500 more miles? Ridiculous.",JrFlyers79,,0,0,0,1,0,0,0,0,0,0,1,0,0,1,0
302,Luv @SouthwestAir. What a great thread! #Alistpreferredhttps://twitter.com/SouthwestAir/status/1101325580367216640 ‚Ä¶,TexasEric716,,0,0,0,0,0,0,0,0,0,1,0,1,1,0,0
303,Absolutely unacceptable ‚ÄúFirst Class‚Äù experience on @AmericanAir Rude FC flight attendant who I had to prod to get a drink. She said ‚ÄúThis is gonna be a rough boarding. We oversold and there‚Äôs too many bags‚Äù. How is that my problem!? I clearly paid too much for this ‚Äúexperience‚Äù,BDcocktails,,0,0,0,0,1,0,0,0,0,0,1,0,0,1,0
304,@SouthwestAir this is the final straw. 6AM flight (2115) from TPA to BNA cancelled an hour b4 with agents telling lie that plane has mechanical. 5 minutes later BWI flight moves to our gate using the same plane that liar told was having mechanical issue. Clearly r flt not full,tfishman22,,0,1,0,0,0,0,0,0,0,0,1,0,0,1,0
305,@delta owes you free airfare for life. Maybe you can sue?,doc_next,,0,0,0,0,0,0,0,0,0,0,1,0,0,1,0
306,@Delta was just treated very rudely at the gate desk in Atlanta by ‚ÄúDan‚Äù flight 999. Very disappointing.,heathbryant,,0,0,0,0,1,0,0,0,0,0,1,0,0,1,0
307,Is it your Live Chat is working? I wait for 1 hour there still waiting the agent assist.. I need help!!!,JuneResources,,0,0,1,0,0,0,0,0,1,0,0,0,0,1,0
308,What a lovely site to see @SouthwestAir pic.twitter.com/pYXyVloMDP,jasonepappas,,0,0,0,0,0,0,0,0,0,0,0,1,1,0,0
309,why do none of your planes work @AmericanAir,humancasino,,0,1,0,0,0,0,0,0,0,0,1,0,0,1,0
310,Where's the flights from Chi to Phoenix??? It's always flights to where no one wants to go that's on sale,C7sound,,0,0,1,0,0,0,0,0,0,0,1,0,0,1,0
311,"https://itunes.apple.com/us/podcast/s2e4-making-sure-environment-is-safe-for-all-our-team/id1122166992?i=1000431225003&mt=2 ‚Ä¶ Personal injury and AC damage are great things to focus on, no doubt. But why are toxic uniforms still being issued? @AmericanAir",NanniMil,,0,0,0,0,0,0,0,1,0,0,1,0,0,1,0
312,Weak. Like @Delta pic.twitter.com/X7d2eKwVaM,MontyG77,,0,0,0,0,0,0,0,0,0,0,0,0,0,1,0
313,@SouthwestAir so let me get this right - you charge people for early checkin $30 - then when you check in one still gets b / c group so not guaranteed - then you want to charge at gate additional charge of $30 for an ‚Äúupgrade‚Äù since there are seats? #fail,KEOSART,,1,0,0,0,0,0,0,0,0,0,1,0,0,1,0
314,There's a t-shirt for that,efeatherston,,0,0,0,0,0,0,0,0,0,0,0,0,0,0,0
315,@Delta please update the status of flight 3921. DTW to PIT. App shows one thing. Gate agent says not leaving for another 2 hours.,cgreg97,,0,1,0,0,0,0,0,0,1,0,0,0,0,0,1
316,"Btw we fly @AmericanAir all the time, and they've been fantastic",WrightCassius,üòé,0,0,0,0,0,0,0,1,0,1,0,0,1,0,0
317,"@Delta Bad flt coming back from LHR was on Virgin FLT that broke, stuck on rnwy, lil help from @VirginAtlantic platinum and gold flier. Why do you use Virgin? status doesn‚Äôt help because Virgin Cntrls FLT. Really bad experience. No Delta Help Desk at LHR. The Gold Desk Huge Line!",twack,,0,0,0,0,1,0,0,0,0,0,1,0,0,1,0
318,@Delta website is horrible!,amadenna,,0,0,1,0,0,0,0,0,0,0,1,0,0,1,0
319,"I agree with @JoeyHyde @AmericanAir is garbage! All hail @Delta or @SouthwestAir everything about @AmericanAir sucks. Customer service, fairs, flight attendants and planes are old!https://twitter.com/abestoklasa/status/1103125361242587136 ‚Ä¶",Startracing06,,0,0,0,0,0,1,0,0,0,0,1,0,0,1,0
320,Contact his road manager or agent.,hercheyness,,0,0,0,0,0,0,0,0,0,0,0,0,0,0,0
321,"@AmericanAir I know you want to know‚Äîsitting on the ground after landing at @DFW for more than 15 minutes. Even if the pilot knows nothing, please let us know. AA#1024",cbobcreson,,0,1,0,0,0,0,0,0,1,0,0,0,0,1,0
322,Sure. Let me know when you want to pay the difference in fare Mike,TonyBrunoShow,,0,0,0,0,0,0,0,0,0,0,0,0,0,0,0
323,@British_Airways Hello. Is there anybody actually in your call centre today?,WillBeresford1,,0,0,1,0,0,0,0,0,0,0,1,0,0,1,0
324,"@AmericanAir why is my only option to rebook my El Paso flight tonight to tomorrow? Ridiculous, as I‚Äôm only going to be there 3 days! You should have more options. This never happens on southwest.",TayyLaww,,0,0,1,0,0,0,0,0,0,0,1,0,0,1,0
325,Now a 9:30pm departure?!! I seriously don‚Äôt know why I keep giving @SouthwestAir so many chances. I‚Äôve only flown 3 times (today would be 4) since September and my luggage has been lost TWICE and now THIS!!!,JMcKinnon723,,1,0,0,0,0,0,0,0,0,0,1,0,0,1,0
326,". @British_Airways , I‚Äôve reported this a few times through Customer Service, but trying again: Adding an OnBusiness number hasn‚Äôt been possible on the iOS app for over a year now when making a booking. Only gives a numeric keyboard and can‚Äôt progress on from it. Annoying!",Geek_Manager,,0,0,1,0,0,0,0,0,0,0,1,0,0,1,0
327,"NEW YEAR, NEW AIRLINE! CAN YOU @SouthwestAir",maximewaters,üëÇ ‚úàÔ∏è ‚úàÔ∏è ‚úàÔ∏è ‚úàÔ∏è ‚úàÔ∏è ‚úàÔ∏è üëå üëÇ üëÇ üëÇ üëÇ üíÅüèæ‚Äç‚ôÄÔ∏è,0,0,0,0,0,0,0,0,0,0,0,1,0,0,1
328,"@AirAsiaSupport I typed wrong the month of my date of birth. How i change it now, please!",dinhnguyenngoc,,0,0,1,0,0,0,0,0,1,0,0,0,0,0,1
329,@Airports_ZA @ortambo_int @SAPoliceService @DoTransport @British_Airways my case went ‚Äòmissing‚Äô yesterday on a flight from OR Tambo to Port Elizabeth. All my clothes have gone. So far @Comair have offered R500 / ¬£27,Jtay247,,1,0,0,0,0,0,0,0,1,0,0,0,0,0,1
330,"@Clear the integration with @Delta and @AmericanExpress Platinum - breeze through not only security, but Skyclub with nothing but my fingerprints! cc: @thepointsguy ‚Äì at Delta Sky Club",rdrakea,‚ù§Ô∏è ‚úàÔ∏è,0,0,0,1,0,0,0,0,0,1,0,0,1,0,0
331,Dose Yelp have a character limit. You might need 3 or for posting to tell them off. She went on for 18 pages. ‚Äú Front and back ‚Äú,erictov,,0,0,0,0,0,0,0,0,0,0,0,0,0,0,0
332,"Lmao! As I walk down the aisle on a full flight w/ only middle seats left, everyone's facial expression says the same thing... ""Please, Lord, let him choose another row!"" #imbig #iknow #GoingHome #Austin #texas see you soon, #SXSW @SouthwestAir",Alkren62, üõ´ üõ¨,0,0,0,0,0,0,0,0,0,0,0,0,0,0,0
333,"Positives about flying the new Max 8s on @SouthwestAir: roomier, quieter, it plays music while you board. Negatives: you might drop out of the fucking sky.",pettyintrigues,,0,0,0,0,0,1,0,0,0,0,0,1,0,0,1
334,@SouthwestAir 25 minutes with no acknowledgement but you tweeted someone who sent something just a couple minutes ago. Why are you ignoring me? Is your phone going to beat you to me?!?!,BrandoJM,,0,0,0,0,1,0,0,0,0,0,1,0,0,1,0
335,What about the Max8?,GW1115,,0,0,0,0,0,1,0,0,1,0,0,0,0,0,1
336,"How are you honoring Herb when people sign up for your card to earn bonus miles for spending a certain amount within a certain time, meet the criteria and then never get the bonus miles? Try and call and get the run around. Herb didn‚Äôt bait and switch.",cathollertx,,0,0,0,1,0,0,0,0,0,0,1,0,0,1,0
337,I‚Äôm glad I was able to participate in your act of generosity to all other travelers by sitting in this 90 degree hotbox. Keep fighting the good fight kind sir,Teej85,,0,0,0,0,1,0,0,0,0,1,0,0,1,0,0
338,"@British_Airways put your coat in the overhead compartment but the plane is so old and dirty it comes out like this. Long haul business is expensive on BA, you could use the money to clean the plane pic.twitter.com/fXBQVczmPC",FishsTweets,,0,0,0,0,0,1,0,0,0,0,1,0,0,1,0
339,Many runways closed @BostonLogan and ground crews are digging out the planes and tugs #Boeing #Airbus #Boston #loganairport #kbos @Delta pic.twitter.com/tviXkgpade,thenewarea51,,0,0,0,0,0,0,0,0,0,0,0,1,0,1,0
340,It did and it was all thanks to you and JetBlue. I could go on and on about how much of a difference you/JBLU made for us but it is not being dramatic when I say i think it was a big part of why he recovered and is a survivor. Thank you.,jrose022,,0,0,0,0,1,0,0,0,0,1,0,0,1,0,0
341,I read that flaps are not retracting,2littlebuggers,,0,0,0,0,0,1,0,0,0,0,0,1,0,1,0
342,Very happy @Delta isn't on this list. https://nyti.ms/2EUiGfa,YoMisterDJ,,0,0,0,0,0,0,0,1,0,1,0,0,1,0,0
343,"@AirAsiaSupport i don't understand why I cannot use my E-Gift Voucher. Due to ur system issue, I keep on getting error message. And I can't even try to book a flight ticket. I have try all different browser and different devices but still unable to use the voucher.",denisetan627,,0,0,1,0,0,0,0,0,0,0,1,0,0,1,0
344,If you don‚Äôt then pass it by. See how simple that is. Even you should be able to comprehend that.,Vanns40,,0,0,0,0,0,0,0,0,0,0,0,0,0,0,0
345,"OMG they are so cute and in love. And they are good storytellers, too! Congrats, Morgan and Robby!",pamelawu,,0,0,0,0,0,0,0,0,0,0,0,0,0,0,0
346,It‚Äôs ok is this something that you will bring back to the app ?,kujanme,,0,0,1,0,0,0,0,0,1,0,0,0,0,0,1
347,Drug tests all around!,FrstdsDd,,0,0,0,0,0,0,0,0,0,0,0,0,0,0,0
348,Linnea from @SouthwestAir screwed me. I may never be able to leave vegas,DKGhost17,,0,0,0,0,1,0,0,0,0,0,1,0,0,1,0
349,You guy's have the same smile. Lol,JeffSparenga,,0,0,0,0,1,0,0,0,0,1,0,0,1,0,0
350,Fletch and Chris.pic.twitter.com/yBYvt1cwov,jeffreyKoval,,0,0,0,0,0,0,0,0,0,0,0,0,0,0,0
351,@SouthwestAir CEO says no plan right now to deviate from fleet strategy,R_Wall,,0,0,0,0,0,0,0,1,0,0,0,1,0,0,1
352,"Very concise analysis of @AmericanAir ‚Äòs financial situation, stock prices and profits. https://www.modernreaders.com/news/2019/02/24/analysts-expect-american-airlines-group-inc-aal-will-post-quarterly-sales-of-10-72-billion.html ‚Ä¶",TheForwardCabin,,0,0,0,0,0,0,0,1,0,0,0,1,0,0,1
353,Ummm....holy crap. I am on an @AmericanAir flight from ORD>LAX and my seat back TV just featured one of my faves of all time! @caseyshilling repping @ZoesKitchen. Marketing boss! #fierce,DanielWConsults,,0,0,0,0,0,1,0,0,0,1,0,0,1,0,0
354,That's a beautiful story! Nothing better than to have someone believe in you even when your dreams seem impossible.,NancyMPatt,,0,0,0,0,0,0,0,0,0,0,0,0,1,0,0
355,"At least when SW cancels the flights for ""operational issues"" ... i mean weather .. you are still in Hawaii so that is a win",US_cadsts,,0,1,0,0,0,0,0,0,0,0,0,1,0,0,1
356,Bridgette‚Äôs smile and great service on @AmericanAir 5736 is contagious this evening!,TheKyleTurner,,0,0,0,0,1,0,0,0,0,1,0,0,1,0,0
357,BASIIIIIICCC???? @Delta pic.twitter.com/lImhB5jlnZ,tnt868,ü§£ ü§£ ü§£ ü§£ ü§£,0,0,0,0,0,0,0,0,0,0,0,0,0,0,0
358,Delta Don‚Äôt Expect Luggage To Arrive,Hacxked,,1,0,0,0,0,0,0,0,0,0,1,0,0,1,0
359,The freighters were wet leased in partnership with GSS they were returned a few years ago,nadrojnomis,,0,0,0,0,0,0,0,1,0,0,0,1,0,0,1
360,"Spent an hour and a half with an @AmericanAir rep trying to change a complicated itinerary and right at the end I get disconnected. Beyond obnoxious that your agents 1.) can't call customers back and 2.) other reps are able to take care of this now because ""it's too confusing.""",PointChaser,,0,0,1,0,0,0,0,0,0,0,1,0,0,1,0
361,"Hello @AirAsiaSupport. I am still waiting for your feedback. It's been almost 8 days and yet, you haven't reached out. I do hope Mr. @tonyfernandes intervenes.",edguinto,,0,0,0,0,1,0,0,0,0,0,1,0,0,1,0
362,. @British_Airways to Celebrate 100th Anniversary with 1960s Retro Livery https:// buff.ly/2MDxxOq #britishairways #travel #airlines #ttot pic.twitter.com/gMqvvnuYTO,gtpgr,,0,0,0,0,0,0,0,1,0,0,0,1,1,0,0
363,@AirAsiaSupport can I seat on my wheelchair during flight?,Flower13816324,,0,0,0,0,0,0,1,0,1,0,0,0,0,0,1
364,@British_Airways Why isn't your website working? #frustrated,scrofts87,,0,0,1,0,0,0,0,0,0,0,1,0,0,1,0
365,"We were told it was ‚ÄúMechanical and we can‚Äôt get another plane out tonight.‚Äù not weather. Understood if it is weather, but a cab voucher, meal voucher would have been nice.",rubyinthecity,,0,1,0,0,0,0,0,0,1,0,0,1,0,0,1
366,Because they‚Äôre too busy melting down over trivial shit like this.,Jared_VOR,,0,0,0,0,0,0,0,0,0,0,0,0,0,0,0
367,"Hi Liz appreciate your quick response. I managed to stay logged in long enough to download my boarding pass so I am good to go.. then it logged me out again! Re the latest version, to be fair this has been going on sporadically for months so I don‚Äôt think it‚Äôs version related!",edlangley,,1,0,0,0,0,0,0,0,0,0,1,0,0,0,1
368,The flight I'm talking about is BA2175 AGP to LGW,Sam69515698,,0,0,0,0,0,0,0,0,0,0,0,0,0,0,0
369,Really just Cinncinatti,ReneeSpalding1,,0,0,0,0,0,0,0,0,0,0,0,0,0,0,0
370,"Ha! I kept this one to domestic carriers; chasing down everyone from Asiana to Vueling would be a feat. But yes, all ears for bike-fee horror stories (and airport ninja victories)!",joelindsey,,0,0,0,0,0,0,0,0,0,0,0,0,0,0,0
371,"No, didn‚Äôt notice it until putting it into the uber. But this is the second time.",mary_pullins,,0,0,0,0,0,0,0,0,0,0,0,0,0,0,0
372,"no fun, I hope you get off the ground soon",AmyBLeo,üòì,0,1,0,0,0,0,0,0,0,0,0,1,0,1,0
373,"@AmericanAir Flying back home to Tokyo (LAX-HND), now the power is not working in business class seat 3D on a 787-9. The purser says he put a ticket in for this last week... The flight last wk on the way from HND-LAX had no working AV system and now on my way home no power :(",Valuepac,,0,0,0,0,0,1,0,0,0,0,1,0,0,1,0
374,I looked on your schedules and is showing 2 daily flights in November and December. One on AA B777 and one BA B747,SeanM1997,,0,0,1,0,0,0,0,0,0,0,0,1,0,0,1
375,@SouthwestAir Please help! I have not received a cancellation yet (flight 456 LAX to HOU on march 14). All replacement Wanna Get Away tickets are sold out. I can get an Anytime flight for $2000 more. But will u reimburse me the difference if i cancel my original flight myself?,jasonspitz,,0,0,1,0,0,0,0,0,1,0,0,0,0,0,1
376,"HI John if you have an Avios account and go to manage my account, There should be an option to 'Transfer/Combine Avios"". This will allow you to move points from one account to the other. We hope this helps.",AerLingus,,0,0,0,0,0,0,0,0,0,0,0,0,0,0,0
377,@SouthwestAir Do you know why flight 2063 is delayed for hours? I can't think of a weather related issue.,BookDal27,,0,1,0,0,0,0,0,0,1,0,0,0,0,0,1
378,Can I book flights for the bums here in Phoenix? Do I need to have their ID?,sandersdmt,,0,0,1,0,0,0,0,0,1,0,0,0,0,0,1
379,Yeah it‚Äôs fucked. And they keep telling me I have to call them to make a change. Which I can‚Äôt do from a remote island. I think I‚Äôll just stay here forever.,robin_r_r,,0,0,1,0,0,0,0,0,0,0,1,0,0,1,0
380,PLEASE HELP ME OUT WITH THIS ONE @Delta @AmericanAir @united who better?,rockinwitstone,,0,0,0,0,0,0,0,0,0,0,0,0,0,0,0
381,That would be hong kong Kai tak I believe.....,Iamhairyf,,0,0,0,0,0,0,0,0,0,0,0,0,0,0,0
382,Can‚Äôt be a easy job working for the airport.,JhawkChalk89,,0,0,0,0,0,0,0,0,0,0,0,0,0,0,0
383,"Thankfully the passengers are more caring and compassionate than @AmericanAir. Your gate agents never followed up with us to offer anything better, nor did your flight attendants. We would have been in separate cabins on opposite sides of the plane. #unamerican #poorcustomercare",AnjaliMalikMD,,0,0,0,0,1,0,0,0,0,0,1,0,0,1,0
384,Thanks @AmericanAir for having awesome people like Dawn in KC to help everyone out today! She rocks!,synapse784,,0,0,0,0,1,0,0,0,0,1,0,0,1,0,0
385,They didn‚Äôt even have a ‚Äòfragile‚Äô tag for my girlfriend‚Äôs electronic drum set at the bag drop counter. They literally dropped the box as they took it away right in front of us @AmericanAir @LATAMAirlinesUS,thebossyleaf,,1,0,0,0,0,0,0,0,0,0,1,0,0,1,0
386,They also say they get 3-4 complaints about him a week.,angpall,ü§∑üèª‚Äç‚ôÄÔ∏è,0,0,0,0,0,0,0,0,0,0,0,0,0,0,0
387,"@British_Airways Hi, I have direct messaged you. Please could someone reply urgently? Thanks",katielpatterson,,0,0,0,0,1,0,0,0,1,0,0,0,0,0,1
388,"When the internet goes out, @SouthwestAir is crippled. Passengers to Chicago stranded for 3 hours can‚Äôt change flight because ‚Äúthe system is down.‚Äù But apparently my flight to MDW is on schedule and they‚Äôre checking people in manually. Intense atmosphere over here at C20!",superteela,,0,1,0,0,0,0,0,0,0,0,0,1,0,1,0
389,"Who would‚Äôve guessed that a feminist would be against having fun No one, nada, zip",Trollingemdead,,0,0,0,0,0,0,0,0,0,0,0,0,0,0,0
390,Wow!!! That‚Äôs amazing,hayres83,,0,0,0,0,0,0,0,0,0,1,0,0,1,0,0
391,Save the drama for your momma!,Mfitzg79Mark,,0,0,0,0,0,0,0,0,0,0,0,0,0,1,0
392,Can you believe it's been over 2 weeks and @AmericanAir still hasn't helped us?,ahzybanoo,,0,0,0,0,1,0,0,0,0,0,1,0,0,1,0
393,"DEFINITELY never flying @Delta again. Worst customer service experience of my whole life trying to find my lost bag. Different answer every time I call (10 times?), still no bag, had a random person's bag be delivered to my house instead. Awesome.",tomblueribbon,,0,0,0,0,1,0,0,0,0,0,1,0,0,1,0
394,@British_Airways boarding gate for flight 85 at LHR T3: pandemonium pic.twitter.com/jJp2QoAtCY,European1nLdn,,0,0,0,0,0,0,0,1,0,0,0,1,0,1,0
395,Is that it? :/ a generic sorry?!,street_eyeballs,,0,0,0,0,1,0,0,0,0,0,1,0,0,1,0
396,How did you find out your flight was cancelled then?,alexcruzmaybe,,0,0,0,0,0,0,0,0,0,0,0,0,0,0,0
397,"For those of you keeping score at home...after no updates for the past 5 hours, we did finally just board, but then...there‚Äôs no catering, thus an unknown further delay! Thanks for playing! Oh, @AmericanAir, you never fail to be creative, gotta give you that!",JBMatthews,,0,0,0,0,0,1,0,0,0,0,1,0,0,1,0
398,"Sure Jan, you do realize about 90% of their audience is 12 year old girls right?",WhenYouKnowYou1,,0,0,0,0,0,0,0,0,0,0,0,0,0,0,0
399,What he was going to complain about has no bearing. The pilot should not have touched him. If he was the problem would they not have waited and have the police escort him from the plane?,becmabs,,0,0,0,0,0,0,0,1,0,0,0,1,0,0,1
400,"What is it like flying ""Big Bird""?",Kitty_Hawk63,,0,0,0,0,0,0,0,0,0,0,0,0,0,0,0
401,"@British_Airways hi my account has my name down as Alex, are you able to change this to Alexander to match my passport, please. It causes some issues when I fly. Thanks. :)",AlexCIark,,0,0,1,0,0,0,0,0,1,0,0,0,0,0,1
402,"@AmericanAir When changing my address online, I accidentally changed my first name too. Now I can‚Äôt change it back; the box is grayed out. How can this be undone?",EMcCutchan,,0,0,1,0,0,0,0,0,1,0,0,0,0,0,1
403,Thank you very much @gymskate I felt mostly sure I was right but just wanted some confirmation. I‚Äôm sure today has been an onslaught of questions they can‚Äôt keep up with.,trogers6,,0,0,0,0,0,0,0,0,0,0,0,0,0,0,0
404,Should have been w/ @AmericanAir #envoymadehttps://twitter.com/NBA/status/1095797260959526920 ‚Ä¶,no1DMIARVKS_fan,,0,0,0,0,0,0,0,0,0,0,0,0,0,0,0
405,FAKE NEWS. The request was denied because it was lavish and unnecessary by any and all government standards. In other words she wanted to spend a lavish amount of the tax payers money. @Delta @AlaskaAir @united @SouthwestAir @JetBlue @SpiritAirlines all offer great deals.,PlanetTrump4evr,,0,0,0,0,0,0,0,0,0,0,0,0,0,0,0
406,India and China stopped using them for the moment. Let‚Äôs hope others do the same until the flaw is rectified,miheershah,,0,0,0,0,0,0,0,0,0,0,0,0,0,0,0
407,"@SouthwestAir I love you guys so much, but it‚Äôs 2019. Where are the power outlets on your planes???",audreymcoots,,0,0,0,0,0,1,0,0,0,0,1,0,0,1,0
408,Thank you Maggie! Update to the letter: @SouthwestAir is standing by their dumb anti-mama policy,maryoliviabloom,,0,0,0,0,0,0,0,1,0,0,1,0,0,1,0
409,@SouthwestAir @AmericanAir please ground the 737 Max 8 until there‚Äôs a fix. Don‚Äôt be found choosing money over safety.,demetriusnwest,,0,0,0,0,0,0,0,1,0,0,0,1,0,1,0
410,it‚Äôs totally amazing how people just don‚Äôt get it,jerm_cohen,üòÇ,0,0,0,0,0,0,0,0,0,0,0,0,0,0,0
411,"@AmericanAir - With the snow at SeaTac, is it still looking like flight 2473 will take off on time for DFW? Thanks!",bonniemoon,,0,1,0,0,0,0,0,0,1,0,0,0,0,0,1
412,"Also, if you're looking to travel further or to a destination without frequent service, it could, uh.. you know, er.. cost more greater big amountz",GabeWootton,,0,0,0,0,0,0,0,0,0,0,0,0,0,0,0
413,"It's not really a try... Chucky has voted for border security in the past. This isn't a shutdown, it's just a showdown between @TheDemocrats and @realDonaldTrump and my money is on the president.",notbenfirst,,0,0,0,0,0,0,0,0,0,0,0,0,0,0,0
414,Please reply to this! Where is my wife‚Äôs luggage and why are you not able to locate it? Over 2 weeks and still no news??,MusssuM1,,1,0,0,0,0,0,0,0,1,0,0,0,0,1,0
415,@SouthwestAir - any updates on weather delays to Cleveland tomorrow? Looks like all other surrounding cities are getting blasted!,kmuns67,,0,1,0,0,0,0,0,0,1,0,0,0,0,0,1
416,Just fixed it! Thank you Jennifer!,GingerSnapEsq,,0,0,0,0,0,0,0,1,0,1,0,0,1,0,0
417,"Do you have a child with a severe nut allergy? Would you even think about taking that child on an airplane? It's not about Trish, you, or me! It's about parenting!",GrimSoftware,,0,0,0,0,0,0,0,0,0,0,0,0,0,0,0
418,Woohoo! I‚Äôm enrolled!,TweetlessCathy,ü•Ç,0,0,0,0,0,0,0,0,0,0,0,0,0,0,0
419,"We‚Äôre sat on the plane - have been for 3hrs+ about to leave (apparently, again). Perhaps best to check details before you respond as it highlights the tawdry service! The ground crew here don‚Äôt seem to want to move the plane?!? #AmericanAirlines #shambles",PaulAmourdedieu,,0,1,0,0,0,0,0,0,0,0,1,0,0,1,0
420,@Delta been sitting on the tarmac in Kona for almost 4 hours! Need help getting home!!!!,tiffdow,,0,1,0,0,0,0,0,0,0,0,1,0,0,1,0
1001,@British_Airways greetings . could i have the telephone contact or email address of your Commercial Manager for ( UAE / ASIA) . thanks,Zia1967,,0,0,1,0,0,0,0,0,1,0,0,0,0,0,1
1002,I hope you get to go soon!,wwshopgirl,,0,1,0,0,0,0,0,0,0,0,0,1,1,0,0
1003,I had to wait for pictures to buffer in an article I was reading because @SouthwestAir though I needed to see an add of a guy just happy as can be that an airplane flew through his crotch and out of his ass. @avman2120 @mellisaeb @techrob2112 @tusitalabruni @Danger_Slaterpic.twitter.com/uPmCTUMjbc,astamps21,,0,0,0,0,0,0,0,0,0,0,0,0,0,0,0
1004,@AmericanAir I sent a DM. We are VERY delayed 115 with connection to 1217 in ORD with wife on sep itinerary.,grey_now,,0,1,0,0,0,0,0,0,1,0,0,0,0,1,0
1005,Class by @British_Airways https:// twitter.com/RaheeqAbbasi/s tatus/1098938420653686784 ‚Ä¶,U_innovate,,0,0,0,0,0,0,0,0,0,0,0,0,0,0,0
1006,"@British_Airways I'm flying from Manchester to NYC via Heathrow with you, I think I land and depart from T5, will I have to go through security again?",abi_wills_,,1,0,0,0,0,0,0,0,1,0,0,0,0,0,1
1007,That is stunning @British_Airways . I love the massive Speedbird on the tail. Do you other fleet retro livery plans?,DReetham,,0,0,0,0,0,1,0,0,1,0,0,0,1,0,0
1008,You like liars?,GScottSays,üòÇ,0,0,0,0,0,0,0,0,0,0,0,0,0,0,0
1009,"Yup, and they need the same for the wide behinds. The average person can barely squeeze in much less the above average people",CarolinaGirl585,,0,0,0,0,0,0,0,0,0,0,0,0,0,0,0
1010,I get better rates on several other airlines,ShipJos,,0,0,0,0,0,0,0,0,0,0,0,0,0,0,0
1011,I literally cannot hold anymore it‚Äôs past 3am. This is my 2nd phone call. Total of 7 hours. And someone that tweeted less than an hour ago is getting a response. How is your Twitter this disorganized? I have tweeted and DM‚Äôd hours ago.pic.twitter.com/UgghJSijnP,HollyNewberger,,0,0,0,0,1,0,0,0,0,0,1,0,0,1,0
1012,Fake news,aatruther,,0,0,0,0,0,0,0,0,0,0,0,0,0,1,0
1013,Welcome Jai #BASMART,erwin_hattingh,,0,0,0,0,0,0,0,0,0,0,0,0,0,0,0
1014,@Suns @SouthwestAir @DeandreAyton Here is my Deandre Ayton bobblehead UNBOXING video! #NBA #TimeToRise #Suns #NBARooks #DeandreAyton https://youtu.be/TmLDKSH4m4o pic.twitter.com/IUIIJHyizr,brandoncondron, ,0,0,0,0,0,0,0,0,0,0,0,0,0,0,0
1015,awh i‚Äôm sorry em,lookingskinny,,0,0,0,0,0,0,0,0,0,0,0,0,0,1,0
1016,Yah right......I have never had a bag get there....I can't wait for the rest of this....,Pat83264981,,0,0,0,0,0,0,0,0,0,0,0,0,0,0,0
1017,@Delta thanks for getting me out of #Buffalo tonight @go4theGoldy @PatHentgen,kevinwills,üôèüèº,0,0,0,0,0,0,0,0,0,1,0,0,1,0,0
1018,What slow lounge dreams are made of...Good morning! @british_airways #slowlounge #airports #familytravel https:// ift.tt/2Tc097l pic.twitter.com/1cCvhzg4s1,thetravelmanuel,,0,0,0,1,0,0,0,0,0,1,0,0,1,0,0
1019,@Delta I‚Äôm grading y‚Äôall an F. https://twitter.com/melmira/status/1089686011410612224 ‚Ä¶,ilpz584,,0,0,0,0,0,0,0,1,0,0,1,0,0,1,0
1020,Holy fuck. I fly @AmericanAir all the time... and now I have to seriously reconsider.,GalvinAlmanza,,0,0,0,0,0,0,0,1,0,0,1,0,0,1,0
1021,"@AmericanAir We‚Äôre on the ground in dfw from dca, early! But waiting for a gate. Worried about making fly 1436 to LIR. You will hold it, right???",OnTheFenceWrite,,0,1,0,0,0,0,0,0,1,0,0,0,0,1,0
1022,Finally pic.twitter.com/W3NzwUTFeQ,tonywilliams68,,0,0,0,0,0,0,0,0,0,0,0,0,0,0,0
1023,My point exactly. And no not a service dog. This must be a new policy from @AmericanAir because I have been seeing a lot more of it lately. First time one has been next to me,nysteve27,,0,0,0,0,0,1,0,0,0,0,0,1,0,0,1
1024,You guys are seriously the best airline ever!!!!,AlanaHyland,‚ù§Ô∏è ‚ù§Ô∏è üôåüèº üôåüèº üôåüèº üôåüèº,0,0,0,0,0,0,0,1,0,1,0,0,1,0,0
1025,Social blows up brand crises? Who knew! Loving this panel featuring Lisa Goode of @SouthwestAir! #PRNewspic.twitter.com/ngvaq1I26v,skitts_nm,ü§î,0,0,0,0,0,0,0,0,0,0,0,0,0,0,0
1026,"I paid extra for bags so would like that refunded. We are now missing over 20K worth of custom gear. On the outbound trip we were missing vital items we cannot acquire in Fiji. This has also been draining with my time involved having to track items, file reports. . .",LizEntwhistle,,1,0,0,0,0,0,0,0,0,0,1,0,0,1,0
1027,Just checked prices from oakland to maui over 1200 for 2 tickets...scam,party_of_5,,0,0,1,0,0,0,0,0,0,0,1,0,0,1,0
1028,"I agree, it was awesome pre-911 then worsened significantly. I was happy lately to notice it got a lot better over the last few years and especially the last year or so. This one flight has ruined @americanair though. Still hasn‚Äôt taken off.",marlaneto,,0,0,0,0,0,0,0,0,0,0,0,0,0,0,0
1029,The @British_Airways Concorde Room at JFK now has a gin & tonic trolley! I'll definitely have to sample some of this in a bit. #PaxEx pic.twitter.com/IbbOfzvK90 ‚Äì bei The Concorde Room,FlyingPhotog,,0,0,0,1,0,0,0,0,0,1,0,0,1,0,0
1030,"@SouthwestAir My impression was apply for the Rapid Rewards Card, and use it right away. I don't want to lose the flights in which I'm interested. Seems like a bait and switch to me. Can you explain?",FarquharGrade4,,0,0,0,1,0,0,0,0,1,0,0,0,0,0,1
1031,@British_Airways are you having issues with your password reset for BA executive club? Thanks,Hamazing88,,0,0,0,1,0,0,0,0,1,0,0,0,0,0,1
1032,@Delta love how easy it was to rebook using the app. Keep up the good work!,quimblygibbler,,0,0,1,0,0,0,0,0,0,1,0,0,1,0,0
1033,I flew on one last Thursday.,CarenZee,üôãüèª‚Äç‚ôÄÔ∏è,0,0,0,0,0,0,0,0,0,0,0,0,0,0,0
1034,@British_Airways where are my Tier points flew RJ183 on 12Jan as part of BA ticket. Faxed claim on 31st from LHR FIrst lounge spoke to gold line on 4th who confirmed receipt and approval of claim (40tps) who said tier point would be posted within 14 days. Please can you help,pauljsmith1956,,0,0,0,1,0,0,0,0,1,0,0,0,0,0,1
1035,"@AmericanAir hi! I have an EARLY morning flight tomorrow (Friday) that just got delayed. Because of this, I will miss my connecting flight. I need rebooked ASAP. Help!",hannahbananas88,,0,1,0,0,0,0,0,0,1,0,0,0,0,1,0
1036,"If I am EVER on a @Delta flight that isn‚Äôt late I swear I will leave the airport as soon as I am off the plane and buy at least $100 of lottery tickets. Because I am here to tell you, the day a flight I am on with @Delta isn‚Äôt late, THAT is some special day.",bitterotis,,0,1,0,0,0,0,0,0,0,0,1,0,0,1,0
1037,"@AmericanAir if i book a first class trip to DXb from PHX through ORD, do i get acces to lounge?",HeIsCountry,,0,0,0,1,0,0,0,0,1,0,0,0,0,0,1
1038,"Second time in a couple of months that a shared @vueling @British_Airways @Iberia_en flight is overbooked... not very good, may just not buy this flight again! both times has 1) left passengers behind 2) been delayed for those who managed to get in the flight.",CrisSuFe,,0,1,0,0,0,0,0,0,0,0,1,0,0,1,0
1039,Shameful! Two GAs @LGA just delayed 2 planes full of people because they didn‚Äôt notice the inbound had arrived for 45 min. This is completely avoidable. @AmericanAir,YesMissWin,,0,1,0,0,0,0,0,0,0,0,1,0,0,1,0
1040,Did so,NancyIrelandOtt,,0,0,0,0,0,0,0,0,0,0,0,0,0,0,0
1041,No I won't be able to make that one. We're not leaving untill 2:10,boilerguy2412,,0,1,0,0,0,0,0,0,0,0,0,1,0,1,0
1042,"I‚Äôve decided to try and avoid flying at this point. I used to enjoy it, but airlines keep escalating the classism and pushing seats closer together and then charging for the space we had just a few years ago. @united and @AmericanAir are among the worst.",AMorganByrne,,0,0,0,0,0,1,0,0,0,0,1,0,0,1,0
1043,"@SouthwestAir PLEEEEASE tell me, where are these 49 dollar fares? pic.twitter.com/ZV72sBKDx0",ColeTres,üëèüèæ üëèüèæ üëèüèæ üëèüèæ ü§î,0,0,1,0,0,0,0,0,1,0,0,0,0,0,1
1044,"@British_Airways are you able to fly a single flight on time??? Just one please, I‚Äôm sick of being late because of you!",allietribolati,,0,1,0,0,0,0,0,0,0,0,1,0,0,1,0
1045,"All live at DYNASTY LOUNGE @Delta Mall, Effurun Roundabout Warri... @skiibii @djneptune @mackenzie19mc dynasty_lounge https://www.instagram.com/p/BuZaYa8nN-R/?utm_source=ig_twitter_share&igshid=clxy4thhbejp ‚Ä¶",CoolbaseMrGold,,0,0,0,0,0,0,0,0,0,0,0,0,0,0,0
1046,No I did not receive that error. AirAisa change the flight schedule and delayed the flight with 4 hours So I want to cancel the reservation and receive my money back. Tx,Greg_Antierens,,0,0,1,0,0,0,0,0,1,0,0,0,0,1,0
1047,"#AA sitting on plane at gate in #MIA for flt it #ORD. Wondering if @AmericanAir loaded us ‚Äúin case‚Äù we could leave. Nah. positive thoughts! Positive thoughts. Surely, they would not do that. Surely.....",beeks_gregory,,0,0,0,0,0,0,0,0,0,0,0,0,0,0,0
1048,Over an hour now. Sitting here. On the tarmac. People are literally losing their shit around me.,krissypissy,,0,1,0,0,0,0,0,0,0,0,1,0,0,1,0
1049,Is this your level of customer service @Delta ??,katiebellsays,,0,0,0,0,1,0,0,0,0,0,1,0,0,1,0
1050,We are totally pulling for you and can‚Äôt wait to see you win it!!!!,Lana76006478,ü•∞ ü•∞ üò∏,0,0,0,0,0,0,0,0,0,0,0,0,0,0,0
1051,"Are you able to share the ""challenges"" you were put through in the sim?",gavinmaclure,,0,0,0,0,0,0,0,1,1,0,0,0,0,0,1
1052,"@Delta @AmericanAir @united I am grateful for every safe flight, but your efforts are bolstered by the diligence and security of @TSA. As a passenger and human, how can we support @TSA during this time? If you‚Äôve organized a support platform, please direct me. #UnitedWeStand",abc18,,0,0,0,0,0,0,0,0,0,0,0,0,0,0,0
1053,Insanely stupid! If SW airlines removed peanuts other airlines NEED to follow and not kill anyone!,vvertel,,0,0,0,0,0,1,0,0,0,0,0,1,0,1,0
1054,How will you reimburse me for lost time with family we haven't seen in 2 decades and missing a wedding?,ArOhBe34,,0,1,0,0,0,0,0,0,0,0,1,0,0,1,0
1055,Earlier reported that Europe & Canada grounded those planes by US was still flying them. Looks like someone decided to rethink that. That holdup might be keeping you all safe.,imani_gomes,,0,0,0,0,0,0,0,0,0,0,0,0,0,0,0
1056,I‚Äôve now been on hold for an hour and a half... this flight is scheduled for early tomorrow morning.,ashd_3,,0,0,1,0,0,0,0,0,0,0,1,0,0,1,0
1057,We are finally about to leave...almost an hour later! @AmericanAir,FeleciaElana,,0,1,0,0,0,0,0,0,0,0,1,0,0,1,0
1058,"@FakeAACEODoug @FakeAACEODoug In biz on an AA flagship flt last night, I couldn't get inflight entertainment to work. FA pointed at the black plastic where seat back screen should be and said, ""we're going for great."" Hilarious @AmericanAir",JakeCPB,üòÇ,0,0,0,0,0,1,0,0,0,0,1,0,0,1,0
1059,"I know I'm late to the party but, my vote would have been to have a vodka soda.",ItBeMe_,,0,0,0,0,0,0,0,0,0,0,0,0,0,0,0
1060,@British_Airways can I upgrade using points? It says to contact you directly rather than me being able to do it in the app. Thanks.,cgoodyjenks,,0,0,0,1,0,0,0,0,1,0,0,0,0,0,1
1061,@Delta you should be giving flight #DL 465 at JFK free drinks for being delayed over an hour and boarding us knowing we would be delayed,_kenziesavage,,0,1,0,0,0,0,0,0,0,0,0,1,0,0,1
1062,@DGAC please have a look on this @AmericanAir flight 1192 with a #Boeing737MAX that enter in the French airspace.https://twitter.com/docles2000/status/1105897001269559296 ‚Ä¶,docles2000,,0,0,0,0,0,0,0,0,0,0,0,0,0,0,0
1063,@piersmorgan . Worth reading into my issues with @British_Airways . Not all plane sailing.,Maxtiniii,,0,0,0,0,0,0,0,0,0,0,0,0,0,0,0
1064,"The one time I flew @British_Airways I was a kid. I loved planes, and I asked the crew if I could see the 747s upper deck. Not only did the purser take me and my brother upstairs, he gave each of us one of the first class ammenity bags. It meant a lot as a kid. #BAMagic100",kaufmanprod1,,0,0,0,0,1,0,0,0,0,1,0,0,1,0,0
1065,Get there with @AmericanAir @Delta @SouthwestAir @VacationExpress. More: https://goo.gl/4BxRqL #SpringBreak #Cancunpic.twitter.com/0fACD1NjJj,Fly_Nashville,,0,0,0,0,0,0,0,0,0,0,0,0,0,0,0
1066,@British_Airways the woman‚Äôs name who treated me awfully & accused me of trying to enter the USA illegally with no correct knowledge of my visa & admitting she was not part of USA immigration is MILLIE BISRAN!!! I am appalled...I spent months getting my visa approved.... pic.twitter.com/bA4sNWiw83,thisisruthanne,,0,0,0,0,1,0,0,0,0,0,1,0,0,1,0
1067,@Delta will we be able to check-in for an international flight to London 4 hours early in ATL?,aechampion,,1,0,0,0,0,0,0,0,1,0,0,0,0,0,1
1068,"Why does @delta not train virtually ANY front line agents in complex partner bookings. And by ""complex,""I simply mean awards that don't show on http://Delta.com / in their Deltamatic engine. So frustrating to spend so much time trying to get transferred to someone that can",MilesTalk,,0,0,1,0,0,0,0,0,0,0,1,0,0,1,0
1069,"You will :) ! Please check your DM, It‚Äôs important :) !",badetzuzu,,0,0,0,0,0,0,0,0,0,0,0,0,0,0,0
1070,Hey @British_Airways can I get some help?!?! Why won‚Äôt you let me buy my seats!!!?????!!?,namelessnathan,,0,0,0,0,0,0,1,0,1,0,0,0,0,1,0
1071,"I never thought I‚Äôd say this but even @united is less insulting via twitter than @AmericanAir, where the entire crew is explicitly trained in how to piss off any customer without status.",Matchboxx2010,,0,0,0,0,1,0,0,0,0,0,1,0,0,1,0
1072,"A somewhat sad time with #finfinale , but aviation is really hitting the headlines at the moment. #BA100 #endcliffepark @48FighterWing @RAFMarhamMedia @British_Airways pic.twitter.com/3raDUGjX6S",ChrisFleet,,0,0,0,0,0,0,0,0,0,0,0,0,0,0,0
1073,Could you tell that to @AmericanAir ??? They left me stranded at LAX on Valentine‚Äôs Day I should have flown LL Cool J Airlines!!!,toolbeltdiva,üò¢ üòâ,0,1,0,0,0,0,0,0,0,0,1,0,0,1,0
1074,777? Cmon too easy compared to the Antonov 225,The200K,,0,0,0,0,0,0,0,0,0,0,0,0,0,0,0
1075,Great congratulation,mariomedellin10,,0,0,0,0,0,0,0,0,0,0,0,0,0,0,0
1076,"@British_Airways I‚Äôve just booked to travel to Barbados next October, and by then will have a 4 month old baby. Do I add the baby on after it‚Äôs born? Is there anyway I can reserve the seating at the front of the cabin in premium economy before that? Thanks",MrsAbbieW,,0,0,0,0,0,0,1,0,1,0,0,0,0,0,1
1077,Been trying to book a flight with @SouthwestAir for 40 minutes now. Been hung up on twice after waiting 30 minutes for a call back. Maybe I need to use United or American Airlines?,LaceyWhitehouse,,0,0,1,0,0,0,0,0,0,0,1,0,0,1,0
1078,Waiting for you! Wow.,kevin_t_hardy,,0,0,0,0,0,0,0,0,0,0,0,0,0,0,0
1079,"The founder of @SouthwestAir, Herb Kelleher, has died http://bit.ly/2R711tw pic.twitter.com/hfPtKfuHa7",KJRH2HD,,0,0,0,0,0,0,0,0,0,0,0,0,0,0,0
1080,"Lol @SouthwestAir announcer, talking about how our flight is only half full. ""There are plenty of seats, feel free to spread out. Especially take all the window seats so we can look like we're full when we take off.""",dianamoon,,0,0,0,0,0,0,0,0,0,0,0,0,0,0,0
1081,what will you be doing in saudi arabia?,mags_unfiltered,,0,0,0,0,0,0,0,0,0,0,0,0,0,0,0
1082,Any chance Southwest will add flights to Myrtle Beach,Parkermom0610,,0,0,1,0,0,0,0,0,1,0,0,0,0,0,1
1083,I think you need to change your airline...,aina_puce,,0,0,0,0,0,0,0,0,0,0,0,0,0,0,0
1084,Terrible. Terrible.,SStebly,,0,0,0,0,0,0,0,0,0,0,0,0,0,1,0
1085,Enjoy! Think of us.,SteveAdams54,,0,0,0,0,0,0,0,0,0,0,0,0,0,0,1
1086,"@British_Airways 55mins staring at a luggage carousel this morning; you really should include this extra hour spent ""travelling"" when advertising your flight times...",picky_Pangolin,,1,0,0,0,0,0,0,0,0,0,1,0,0,1,0
1087,Part of the 757/767 ‚Äòsell‚Äô was Common Cockpit Qualification. What ‚Äòstandard‚Äô will NMA/7K7 adopt? 787?,RWMann,,0,0,0,0,0,0,0,0,0,0,0,0,0,0,0
1088,Nice touch by the #AATeam @AmericanAir in Harrisburg for rolling out the snacks due to the Chicago flight delay. Thank you! pic.twitter.com/MFsZguiREP,studentlifeguru,,0,0,0,0,0,1,0,0,0,1,0,0,1,0,0
1089,Where is my bag? You guys have no sense of responsibility? No one replied to my email! No information yet!! 9 days and counting,sonamraheja_13,üò°,1,0,0,0,0,0,0,0,0,0,1,0,0,1,0
1090,OMG that sounds HORRIFIC! Sounds to me as if you need an amazing civil rights lawyer on this one !,camera_lassy,,0,0,0,0,0,0,0,0,0,0,0,0,0,0,0
1091,Congrats mate!,SGaz_91,,0,0,0,0,0,0,0,0,0,0,0,0,1,0,0
1092,I need @Delta to train their employees! I PAID to get on an earlier flight and was assured I‚Äôm confirmed and just need to get my seat assignments from the gate agent. Gate agent tells me I‚Äôm not confirmed but on standby. Seething.,TinaKay511,,0,0,1,0,0,0,0,0,0,0,1,0,0,1,0
1093,I've tried to use the @Delta companion pass twice in the past 6 months and tried to book travel 6-7 months out and conveniently they dont have seats available but I could purchase those seats at full fare if I wanted. Some incentive and loyalty program they have,travis_sherman,,0,0,0,1,0,0,0,0,0,0,1,0,0,1,0
1094,**checks flight next month to see what kind of plane it is**,RiekT11,,0,0,0,0,0,0,0,0,0,0,0,0,0,0,0
1095,Thanks to @airbus @Boeing @HitachiGlobal @Honda @AmericanAir @AirCanada @FedEx to stop in our booth today #50463 to discover how #AI is changing #passengers experiences for #health and #wellness #apex2019 #apexexpo #ifec #ife #aviation #digitalhealth #Telemedicine #CES19 #CES2019pic.twitter.com/YIezE4KadN,DrJacquesDurand,,0,0,0,0,0,0,0,0,0,0,0,0,0,0,0
1096,Front of the plane. Back of the car. The only way to go.,genevalaitis,,0,0,0,0,0,0,0,0,0,0,0,0,0,0,0
1097,Kya ho gaya... Kahan chal diye. Delay is very normal problem bro. Say thanks as it is not cancelled.,mittalsandy,,0,1,0,0,0,0,0,0,0,0,0,1,0,1,0
1098,Passengers board first and then you serve drinks in order to allow the flight to be boarded timely and to takeoff timely,lawsportsgal1,,0,0,0,0,0,1,0,0,0,0,0,1,0,0,1
1099,"Finally an announcement from the flight deck after an hour on board a grounded plane. We need to wait another ‚Äú15-20 minutes‚Äù for the next update, as the engineers need to get sign-off on their work. Why on earth did we board this plane before it was flightworthy!? Shocking",Peppziller,,0,1,0,0,0,0,0,0,0,0,1,0,0,1,0
1100,We‚Äôd like to get up to PWM to visit my sister who just moved up there. #SouthwestLovesAustin #Sweepstakespic.twitter.com/ycKxt3czBI,dumpkopf,,0,0,0,0,0,0,0,0,0,0,0,0,0,0,0
