,text,username,emoji,t_luggages,t_flight_delays,t_flight_bookings,t_club,t_customer_service,t_in-flight,t_seatings,t_others,f_enquiry,f_compliment,f_complaint,f_info,s_positive,s_negative,s_neutral
2001,Likeeeee I‚Äôm not even going to see what my man got me until tomorrow messing around with y‚Äôall @Delta,HeyyDaJ,,,,,,,,,1,,,1,,,1,
2002,"@SouthwestAir the ""remember me"" doesn't work on your website. i am logged out due to inactivity automatically anyway, so why hav e it?",kidbrax,,,,1,,,,,,,,1,,,1,
2003,"@SouthwestAir, thank you for making my children pay in your dispute with your mechanics. Those lost 8 hours are going to feel great in school tomorrow. #southwestheart!",brooksandy,,,1,,,,,,,,,1,,,1,
2004,@AmericanAir dinner served cold and shortly before landing tonight on 2529 from ORD > MCO. Not an enjoyable experience.,chuckyschwartz,,,,,,,1,,,,,1,,,1,
2005,"Always appreciate @FlyTPA but never more so than when I'm at a dysfunctional airport like @iflymia, dealing with poor customer service from them and @AmericanAir. Can't wait to get home to Sunny St. Pete. #MayoralRantOver",Kriseman,,,,,,1,,,,,,1,,,1,
2006,"@Delta my flight was delayed and could not get a connection, which means I cannot attend an important meeting tomorrow. Also, I have to wait at the Detroit airport for more than 20 hours :(( I wish I could use a lounge at least...",SawaxMato,,,1,,,,,,,,,1,,,1,
2007,It‚Äôs amazing! I‚Äôm blown away with every use. It‚Äôs pretty much up constantly anytime I‚Äôm flying,jkschonberg,,,,,,,,,1,,1,,,1,,
2008,@AmericanAir please ask Doug Parker to stop avoiding the reality of your disgraceful Oasis program and treatment of passengers - https://www.inc.com/chris-matyszczyk/american-airlines-ceo-was-asked-a-brutally-direct-question-about-airlines-problems-his-response-was-breathtaking.html ‚Ä¶,ymerej,,,,,,1,,,,,,1,,,1,
2009,"Thanks for a smooth group check in at LAX American Airlines ticket counter!! So smooth, efficient & friendly. We appreciate you!! @flyLAXairport @AmericanAir",eagleviola64,,1,,,,,,,,,1,,,1,,
2010,@SouthwestAir just watched the SW flight 8725 land in Honolulu,SteveHi24745867,,,,,,,,,1,,,,1,,,1
2011,As is. In my hands.,Goldy_Mas,üòä,,,,,,,,1,,,,1,,,1
2012,"@AmericanAir When a winter storm warning is in effect in COU, wouldn't you offer a waiver for flight changes for those in the eye of the storm?",seldeeb,,,,1,,,,,,1,,,,,,1
2013,Are you guys already traveling back?? Thanks Delta !,__marse,,,,,,,,,1,,,,1,,,1
2014,Good to see @British_Airways have joined the rest of the scum in charging for bags on transatlantic flights! #charming #ba #britishairways,thedevgirl,,,,1,,,,,,,,1,,,1,
2015,@British_Airways sorry I meant Heathrow flights from 8.40pm otnight are htey cancelled?,m_uddxn,,,,1,,,,,,1,,,,,,1
2016,"And to add insult to injury, @AmericanAir employees on board, who are flying for free, are getting upgraded to First class while the common folk who paid their tickets and by definition their salary, are Stuck in tiny uncomfortable seats. This airline absolutely sucks.",VanNostrand217,,,,,,,,1,,,,1,,,1,
2017,What???? You pissed off? No way lol,motornerd1,,,,,,,,,1,,,,1,,1,
2018,I would have loved to use the link I received at 6am this morning letting me know my flight was cancelled and I needed to rebook. I would have loved if the agent on the 800#could have rebooked my flight this morning. She was unable because my ‚Äúbag was still in the system.‚Äù,TamaraMWilson,,,,1,,,,,,,,1,,,,1
2019,"Really?!? @AmericanAir Can't connect to Gogo, had to use Panasonic. $17 for this... AA269 RDU to DFW pic.twitter.com/vFWrLPQqNZ",jrssms97,,,,,,,1,,,1,,,,,,1
2020,I‚Äôm trapped in Cleveland forever! Thanks @Delta!,lirbalicious,,,1,,,,,,,,,1,,,1,
2021,Thank god youbwere here to stop the invention of napkins and cokes long before they were used for evil,farmboylogic,,,,,,,1,,,,,1,,,1,
2022,@Delta 3rd time my flight has been delayed. Was suppose to leave at 915pm now scheduled for 1am,shaunaleaxo,ü§¶üèª‚Äç‚ôÄÔ∏è üòû,,1,,,,,,,,,1,,,1,
2023,Do you ever wish they'd load the old Kai Tak checkerboard approach into the A-380 sim just for bonus points? Would be fun to see,HazmatTravis,,,,,,,,,1,,,,1,1,,
2024,@SouthwestAir when can I start booking my trips to Maui? pic.twitter.com/5s3Ginjol9,FnCrazy2,,,,1,,,,,,1,,,,,,1
2025,"I wish there was a way we could put our name down. Would really make the trip especially with my anxiety of the blood clots I got from flying before, the extra space would be amazing for me to rest in on that long flight!",PrincessJStew,,,,,,,,1,,,,,1,1,,
2026,". @AmericanAir , I hope we are not getting ahead of ourselves but we wrote you this note and wanted to know if you would be our #Valentine?https://www.youtube.com/watch?v=xAEr665NCAk ‚Ä¶",MadisonHouse21,ü•∞,,,,,,,,1,1,,,,1,,
2027,"Info sent Helen, I‚Äôm all excited now Helen",holdeni,,,,,,,,,1,,,,1,1,,
2028,Pay for my beers and wings I‚Äôm eating right now and I‚Äôll consider flying with you again,RJHelsper,,,,,,,1,,,,1,,,1,,
2029,Hey @southwestair I redesigned your napkins for you. I feel like these are far more representative of your service over the past four months. You‚Äôre welcome. pic.twitter.com/DVRpHnznzi,JJField_NZ,,,,,,1,,,,,,1,,,,1
2030,@AmericanAir zero communication to the customers then we almost hit a plow truck now that we are moving #justventingnow,theHENJ,,,,,,1,,,,,,1,,,1,
2031,@AmericanAir please ground the #737MAX8 #BOEING737MAX8 I think it‚Äôs the right thing to do and I don‚Äôt want to die on my spring break.,gmworboys,,,,,,,1,,,,,1,,,1,
2032,@AmericanAir We were offered vouchers and hotel rooms in order to volunteer to get off our flight in Oaxaca and they flew us to Mexico City and the hotel was booked and most hotels here are booked now.,RavnMichela,,,,,,,,1,,,,1,,,1,
2033,We both know the price of my bag is not even close to RM80. What you think I just sent you a kid's size back?,leman_keramat,,1,,,,,,,,,,1,,,1,
2034,"@AmericanAir @SouthwestAir you need to ground your 737 max 8 planes until the problem is diagnosed, I‚Äôm not flying either airline until it‚Äôs figured out. Don‚Äôt risk lives",CashGameKing,,,,,,,1,,,,,1,,,1,
2035,I hope they get back to you and make some sort of amends that includes an apology.,readthinklearn,,,,,,1,,,,,,1,,,1,
2036,@SouthwestAir how do you choose which flights to screw over? I know the plane we were supposed to be on came in fine and was reassigned to a different flight. Why was a broken plane reassigned to my flight that‚Äôs resulted in 3 hours and counting of delays?,moseyon,,,1,,,,,,,,,1,,,1,
2037,"Ha, I did my @Ancestry , turns out I'm 51% European! Who knew?!",ferniiieee,,,,,,,,,1,,,,1,,,1
2038,Still better than airbus,Paul_Hatfield,,,,,,,,,1,,,,1,,,1
2039,Thanks genius.,divadlee75,,,,,,,,,1,,,,1,1,,
2040,Just sent another msg,_Itscleopatra,,,,,,,,,1,1,,,,,,1
2041,Please check your DM regarding this matter,CadabyAbbie,,,,,,,,,1,1,,,,,,1
2042,Watching for your track upstairs then rushing to the escalator at Penn Station is a great example of people as cattle. Owls know the track from history.,EAMNY,,,,,,,,,1,,,,1,,,1
2043,I LOVE @SouthwestAir!!!,terrylgoins,,,,,,,,,1,,1,,,1,,
2044,Unbelievably horrible travels with @SouthwestAir over the past 5 days! I get some things are out of their hands but when u strand a family of 7 with young kids thousands of miles from home you could at least help them secure a room for the night at the least!,Foxhead18,,,1,,,,,,,,,1,,,1,
2045,One in the same.,JustinCanela,,,,,,,,,1,,,,1,,,1
2046,@Delta arrived at Harrisburg Int‚Äôl airport early per your warning due to govt shutdown just to find nobody from Delta at check in for another hour. Nice job!,Janeen1972,,1,,,,,,,,,,1,,,1,
2047,This is the creme de la creme of adverts at the moment for the creme de la creme of airlines. This advert makes me proud to be British,kingstonthames0,,,,,,,,,1,,1,,,1,,
2048,That‚Äôs just great. I assumed that would be the case. All I‚Äôm asking for is ANY info on when it will arrive/be sent. What am I supposed to do for three days without clothes or a coat?,heartandfist,,1,,,,,,,,1,,,,,1,
2049,@AirAsiaSupport I tried to book my return journey but the payment doesn't get accepted using VISA card issued by bank in India. Please help,nareshps,,,,1,,,,,,1,,,,,,1
2050,My Fuck!,TheATCchamp,,,,,,,,,1,,,,1,,1,
2051,Elliott‚Äôs first time in the @delta sky club. Makes delayed flights a bit more tolerable. pic.twitter.com/UYMf2r0ugI,MichaelBender,,,,,1,,,,,,1,,,1,,
2052,U serious he‚Äôs avoiding fury we all know it,philipdoe2,,,,,,,,,1,,,,1,,,1
2053,Sat in aircraft for an hour waiting for a gate. No apologies at all. Terrible experience with Southwest Airlines. @SouthwestAir,yawang09,,,,,,1,,,,,,1,,,1,
2054,"How do you respond @SouthwestAir ?? So much for ""transparency""",LaidBackBetch,,,,,,1,,,,1,,,,,1,
2055,"The more, the merrier! I'm buying new heels. It's an official *event* !",CassCarterBooks,üë†,,,,,,,,1,,,,1,,,1
2056,Wait nope - half of my clothing in my suitcase is wet. @Delta @AirEuropa I wait 2 full days to get my suitcase only to get a bag full of wet clothes?,ciao_mickey,,1,,,,,,,,,,1,,,1,
2057,"Congratulations to #spikelee on his Oscar. Just one question, who were you wearing? My guess @Delta dressed you in one of their new uniforms! Strong brand integration from the airline sponsor! #redcarpet #Oscarspic.twitter.com/kS5cYUZRG5",katsat2,,,,,,,,,1,,,,1,1,,
2058,WORLD RECORD / An incredible team of 99 wheelchair users set a Guinness World Record #GWR by pulling a @BoeingAirplanes 787-9 #Dreamliner @British_Airways over a distance of 106 metres at LHR. http:// aeronews.ro/video-record-m ondial-boeing-787-9-british-airways-tras-de-99-de-persoane-cu-dizabilitati/ ‚Ä¶ @BA_Headlines @BoeingEurope @SeattleVolFan @Aerobility @AyeFly pic.twitter.com/2anwa35zuk,AeronewsRO,,,,,,,,,1,,,,1,1,,
2059,Can AA 73 please wait for AA 302? Lots of passengers on here connecting to it. 77APH82. Thank you! @AmericanAir @traveloneworld,NihaoLiLi,,,1,,,,,,,1,,,,,,1
2060,"Ummmmm, what?????",rodjunie,,,,,,,,,1,,,,1,,,1
2061,Ok thanks. We r just in from NYC and absolutely shattered from then overnight flight so just want to get home,gheth67,,,,,,,1,,,,,,1,,1,
2062,Both my flights were delayed two hours now I might not get a flight until tomorrow & will miss work. Never flying @AmericanAir again,TouchMyChaps,,,1,,,,,,,,,1,,,1,
2063,@British_Airways THANKYOU for a brilliant flight to LA yesterday only down to Graeme Kidd - exceptional amazing guy Tks Mairead x pic.twitter.com/0oTe59SDrM,mmolloycannes,,,,,,1,,,,,1,,,1,,
2064,Hello @Delta How do I include a new KTN for TSA pre-check for an existing reservation and to my profile going forward? Thanks!,jwstender,,,,1,,,,,,1,,,,,,1
2065,""" @British_Airways writes ‚Äòlove letter to Britain‚Äô in first brand campaign since 2012"" https:// buff.ly/2S1kTPd #BritishAirways #Marketing pic.twitter.com/ZQMUrONycQ",CreativePodUK,,,,,,,,,1,,,,1,,,1
2066,@Delta I flew first class home from STT yesterday - and halfway through the flight realized my feet were slipping back and forth very easily. I pulled my bag out from under the seat in front of me and it was drenched in a sticky substance. Can something be done about this? pic.twitter.com/j3ikbZYRxZ,Kenan09258542,,,,,,,1,,,1,,,,,1,
2067,Why didn't I get the email requested? Don't feel like I should have to call again and wait in a queue......again.,Louisamcc,,,,,,1,,,,1,,,,,1,
2068,It won‚Äôt show in the data that way because they are line checks flying revenue passengers in and out.,TWUIVP,,,,,,,,,1,,,,1,,,1
2069,Privatization.,SacTownSid,,,,,,,,,1,,,,1,,,1
2070,Two more delays + waiting for gate to clear. And the WiFi was not operational on the plane. #fail,DustyfromSTL,,,1,,,,,,,,,1,,,1,
2071,Hey @Delta how about you get these VIP to @HeartCare4Kids conference in LA. Show can‚Äôt start without them. Try a little service recovery and customer service....,DrKlugs,,,,,,1,,,,,,1,,,,1
2072,@AmericanAir I‚Äôve been waiting over 2.5 hours for a rebooking callback that was supposed to come in 50 minutes - please help!,whitneygrespin,,,,1,,,,,,1,,,,,1,
2073,I hope not!!,DaveWallsworth,,,,,,,,,1,,,,1,,,1
2074,what exchange?,PaddyTaylor,,,,,,,,,1,,,,,,,
2075,@Delta hey! that trip you were thinking of taking for vacay? Those flights are on SALE at a stupid low price Me: *throws wallet at Delta* #ThisIsHowTheyGetYou,KOrtizzle,,,,1,,,,,,,,,1,1,,
2076,Update: Was told I can‚Äôt be reimbursed because I don‚Äôt have the receipt. Who saves their receipts from 3+ years ago? I do have record of the purchase on my Bank statement. Help? @AmericanAir,brandonkovacs,,,,1,,,,,,1,,,,,,1
2077,@J_Williams_17_ Go get em girl,FootballMom5150,‚ù§Ô∏è üá∫üá∏ ‚úàÔ∏è,,,,,,,,1,,,,1,,,1
2078,The @Delta team at @RDUAirport is awesome!,debmcelhaney,,,,,,1,,,,,1,,,1,,
2079,Hey @SouthwestAir my sister‚Äôs direct flight to visit me in BNA was cancelled with no explanation. She now has a connection and is getting in 3 hours later. Any way I can cheer her up with a free drink coupon??,_saraporch,üôè,,1,,,,,,,,,,1,,,1
2080,"I don‚Äôt want to say that I‚Äôm 100% sure I‚Äôm actually leaving Texas, but the plane *is* moving, and that‚Äôs a great sign after a crazy trip!! @SouthwestAir get me home to my family",DocStrong26,‚ù§Ô∏è üíô,,,,,,,,1,,,,1,,,1
2081,Haha sorry is less than adequate for losing money for an event the flight caused a delay. #twitter I recommend another airline this one apolgize for you for missing events but doesnt not cause you wasted money for their delay lol,Yagoofy,,,1,,,,,,,,,1,,,1,
2082,I was scheduled to fly out of @BWI_Airport Friday with @SouthwestAir but checked and found out it was a #BOEING737MAX8 plane. I rescheduled for a day later on a different plane. Crossing fingers there are no changes to the plane type between now and then.,thestewartsrock,,,,,,,1,,,,,,1,,,1
2083,are you looking for volunteers to get bumped?,vwrestlemania1,,,,,,,,1,,1,,,,,,1
2084,"Unfortunately, in today's world flirting is ""rape"". So I guess this marketing idea went over like a lead balloon.",Jeannieandersn,‚òπ,,,,,,,,1,,,,1,,,1
2085,Just dm‚Äôd.,_JaysapRocky,,,,,,,,,1,,,,1,,,1
2086,@SouthwestAir just sent y‚Äôall a DM. Can‚Äôt check in.,jesspryles,,1,,,,,,,,1,,,,,,1
2087,"Hi Ben, It's Alex here on my pals phone . What's up me old mucker?",jonfielding1987,,,,,,,,,1,,,,1,,,1
2088,Hey @British_Airways ! Would it be too much to ask to coordinate between the gate and aircraft? It‚Äôs crazy to begin boarding only to have your customers queue on the jet bridge for 10 minutes!,WillPhillipson,,,,,,,1,,,,,1,,,1,
2089,@Delta I haven't flown Delta before but if I have the Delta Amex do I not have to pay for checked bags still? Both me and my guest?,lillyonthewater,,1,,,,,,,,1,,,,,,1
2090,Major kudos to @SouthwestAir B5 gate agent Vicky at MSY. She just went WAY above and beyond to get me on standby on an earlier flight home to Chicago. THAT is how you do customer service and why I only fly SWA.,jtrain4,,,,,,1,,,,,1,,,1,,
2091,I hope so because we are fighting the clock and Mother Nature! #needItFriday,3rdBaseCoach25,,,,,,,,,1,,,,1,,,1
2092,"I had to close my paypal account as charges were jaw dropping, especially when i sell something over ebay, charges from ebay, then charges from paypal, at the end i was getting less money than what is the average price of whatever item i sell, not good.",Mr__Million,,,,,,,,,1,,,,1,,,1
2093,"Weeeeell, that was my question. So you don't know which I should start with. I guess I'll try both.",SoniaJane,,,,,,,,,1,,,,1,,,1
2094,Hey @Delta how am I able to check if my KTN was entered correctly? My flight is tonight.,cedarlaneashley,,,,1,,,,,,1,,,,,,1
2095,"Do like that livery, not seen for many a year",M_of_Mystery,,,,,,,1,,,,1,,,1,,
2096,@Delta do the right thing and give @_TomRhodes his Diamond Status! Robbed by technicality... For shame,Sancho3000,,,,,1,,,,,1,,,,,,1
2097,"@British_Airways @MailOnline @TheSun @BALPApilots If you‚Äôd like screenshots of O‚ÄôNeil‚Äôs involvement & disgusting behaviour with the lying criminal woman-brasher/stalker/hater I have them all. Unlike them, I don‚Äôt hide behind fake accounts...",JJMLondon,,,,,,,,,1,,,,1,,1,
2098,Be warned that some airlines like @singaporeAir @united @delta & @AmericanAir have cameras in some seat-back entertainment systems. I would use tape to cover them up. Irresponsible of these airlines to have spying devices. https://news.yahoo.com/airlines-admit-having-cameras-installed-172817112.html?soc_src=hl-viewer&soc_trk=tw ‚Ä¶,TapTheGadfly,,,,,,,1,,,,,1,,,1,
2099,Change your Basic policy for people with kids. We shouldn‚Äôt be price gouged to want to sit with our kids! Not that this tweet will be taken seriously by your overpaid CEOs.,montigera,,,,,,,,1,,,,1,,,1,
2100,And you didn‚Äôt think to invite your third daughter for some sun?!,tkoobs,üò≠ üò≠ üò≠,,,,,,,,1,,,,1,,,1
2101,And who are the rivals nonstop Cape Town to London these days??? I regret there lies your answer Mark,charlieboy1977,,,,,,,,,1,,,,1,,,1
2102,So we‚Äôre waiting for a 3rd fatal crash? #737 #BOEING737MAX8 #groundboeing737max8 ‚Å¶ @SouthwestAir‚Å© ‚Å¶ @united‚Å© ‚Å¶ @AAirlinesSucks #safetyfirst #zerotolerance US and Canada are the only two nations still flying many Boeing 737 Max planes - CNNhttps://apple.news/ApC2wyarPRlGPRF6XgvLOtw ‚Ä¶,sw4tp,üò© üíé,,,,,,1,,,,,1,,,1,
2103,It‚Äôs a buy at 320,golfinbowlin,,,,1,,,,,,,1,,,1,,
2104,"Dear @AirCanada It‚Äôs you, not me. Cancelled me three times when @Delta was get flights out. Let‚Äôs think about that. A airline based in Atlanta, GA deals better with the cold than you. Sorry, goodbye.",johnhudzina,,,1,,,,,,,,,1,,,1,
2105,"Totally missed that reference. Well played, @AmericanAir , well played. https://twitter.com/kinsk14/status/1085248410536468480 ‚Ä¶",mvaughn25,,,,,,,,,1,,1,,,1,,
2106,"And to put an exclamation point on the day, Southwest lost our bags.",Colbywilson10,,1,,,,,,,,,,1,,,1,
2107,Missing our whole first day of vacation due to @AmericanAir delaying our flight twice and making us rearrange our connecting flight TWICE. #inconvenient,candaceleighhh,üò≠,,1,,,,,,,,,1,,,1,
2108,@SouthwestAir Completely screwed today! You cancelled my nonstop flight rebooked me on a flight with an hour layover. I lost my A 30 boarding and I am now in the back of B boarding. I also had to call the car service picking me up and rebook it. Apparently this ‚Äúisn‚Äôt an issue‚Äù,RL_ReginaGeorge,,,1,,,,,,,,,1,,,1,
2109,Now here I am sat in Phuket having just made my connection in Bangkok but sadly my golf clubs and Case is apparently still in Bangkok or London ?,davidwoburn,,1,,,,,,,,1,,,,,1,
2110,"@AmericanAir your crew out in Lansing is frighteningly inept. They somehow didn't have a fuel plan, didn't plan for de-icing, and have had the flight listed as departed though we are definitely still sitting on the tarmac. Not making my connection now",Digitaluke33,üëéüèº üò°,,1,,,,,,,,,1,,,1,
2111,@rebeccabama Was your situation resolved? I'm just a customer with my own issues with @SouthwestAir I'm trying to figure out if they ask for customers to DM them just so information won't be public. I hope it all worked out for you. https://twitter.com/rebeccabama/status/1105168456754888704 ‚Ä¶,wndrwomn25,,,,,,,,,1,,,,1,,,1
2112,Call someone at home or close to u and ask them to pack my love,bri_berry347,,,,,,,,,1,,,,1,1,,
2113,"@Delta, A350 #Trashpanda in M,L and XL? #scopemattershttps://twitter.com/MaxK_J/status/1095951354223362049 ‚Ä¶",dalscope,,,,,,,,,1,,,,1,,,1
2114,"My #KTLA visit this week spotlighted #travel to #Mexico -- inc. @WPuntadeMita & @Rosarito_Hotel -- & the impact of #SouthwestAirlines' new #Hawaii #flights, inc. @AlaskaAir's latest sale: https://ktla.com/2019/03/05/travelzoos-gabe-saglie-on-the-latest-travel-deals/ ‚Ä¶ @Travelzoo @SouthwestAir @KTLAMorningNews @LuParker @glenwalkerktla",GabeSaglie,,,,,,,,,1,,,,1,,,1
2115,I read this real fast. Almost looks like this guy is saying Am At Risk for leaving his iPad for people to see.pic.twitter.com/46t9r2100F,brea_pri,,,,,,,,,1,,,,1,,,1
2116,@SouthwestAir why didn‚Äôt I get drink coupons but my friend who has only traveled once with you guys did???,gaburrina,üò°,,,,,,1,,,1,,,,,,1
2117,"Yes , we. Want yo know",darsenadelnort2,,,,,,,,,1,,,,1,,,1
2118,@DELTA WHE ARE YOU?????,RGPopCulture,,,,,,,,,1,1,,,,,,1
2119,This is a first for me... never been on @AmericanAir #CreatorsHelpingCreators #Phoenixpic.twitter.com/u5G3xn7Khd,derraleves,,,,,,,,,1,,,,1,,,1
2120,Just not CN acceptable response. Because I didn‚Äôt come in on an AA fight I now have to queue for over an hour for my connecting flight. Not the service anyone should expect or accept!pic.twitter.com/j85u8AK8Ql,RickNunes72,,,,,,1,,,,,,1,,,1,
2121,@AmericanAir charges a hefty premium to allow people traveling together to actually sit together. So basically punishing customers. So basically there's literally no good reason to ever fly @AmericanAir when any other airline is available. https://twitter.com/Millicentsomer/status/1093127964269506561 ‚Ä¶,FERALROBOTS,,,,,,,,1,,,,1,,,1,
2122,@AmericanAir the don‚Äôt care. CUSTOMER last. Profit FIRST,Fan610Sports,,,,,,1,,,,,,1,,,1,
2123,"@AmericanAir You guys delayed my flight, my luggage seems to be on its own vacation away from me, and your response has been ‚ÄúOh well. We‚Äôll get your luggage to you when we get it to you.‚Äù THE ABSOLUTE WORST!",makingsofashley,,,1,,,,,,,,,1,,,1,
2124,In solidarity with @SouthwestAir #wearefamily #airlinefamily #envoyairpic.twitter.com/94vDUu44xw,JeffMartin416,üõ´ üòû üñ§,,,,,,,,1,,,,1,,,1
2125,"@SouthwestAir Heard so many great things, gonna fly you for the first time. I love how I don't have to worry about an extra seat for my big body :). Can you give me a hint on when is the best time to look for a sale on BUF -> LAS from July 1-8?",dtaleman,,,,1,,,,,,,1,,,1,,
2126,@SouthwestAir glad to see the FAA stepping up and forcing you to ground your #BOEING737MAX8 plans since you wouldn't do the right thing and ground them yourself! Sad to see how #Southwest puts profit above human life!,SpiderSky67,,,,,,,1,,,,,,1,,1,
2127,Someone hacked into my @Delta account and fucking used all my miles on Magazines and I am livid,jaynellsays,üòë,,,,1,,,,,,,1,,,1,
2128,"I was saying the same thing yesterday. They are terrible and really don't seem like they care they are terrible. At least @Delta seems to be trying when I have issues with them. Not to mention @AmericanAir fleet is way worse than other airlines, probably why all the maintenance",james23452,,,,,,1,,,,,,1,,,1,
2129,Never flying @AmericanAir again. Poor management and treatment of cusomters. Get it together.,AlisonSchwiete1,,,,,,1,,,,,,1,,,1,
2130,Think maybe @jumbo747pilot Will be at the controls to bring her to @HeathrowAirport ?,peter532,,,,,,,,,1,,,,1,,,1
2131,Riiiiight.... p.s. my flight was 2hr delayed due to your poor staff management. Thanks @AmericanAir for your poor customer experience.,Rhomberry,,,1,,,,,,,,,1,,,1,
2132,just them not doing their job again.. female gate agent never should have let them board the plane in la ..of course they won't even reimburse anyone,jasminstclaire,,,,,,1,,,,,,1,,,1,
2133,Geniallll!!!!!,johannespalma,,,,,,,,,1,,,,1,,,1
2134,@thepointsguy is there a step-by-step guide on how to use my @AmericanAir miles to upgrade my California to EU flights from economy to something else?,Richard_A_Hines,,,,,1,,,,,1,,,,,,1
2135,@British_Airways hello. Your Entertainment web pages all go to some sort of Proxy error.,ibnbattutah,,,,,,,,,1,1,,,,,,1
2136,never have I heard of delaying a flight over 40 minutes to wait on delayed passengers...... why @SouthwestAir??,rachelvjohnson,,,1,,,,,,,,,1,,,1,
2137,@AmericanAir: Suggestion: If you cancel a flight for a mechanical (AA174 Feb 17) and I‚Äôm delayed by 24hr ... and on my return (AA173 Feb 24) you cancel my flight more than 24hrs in advance (mechanical? low load? whatevs?) you should contact me! It‚Äôs called basic customer service!,AC_Burnside,,,1,,,,,,,1,,,,,1,
2138,Cons: ‚Ä¢ @SouthwestAir randomly canceled my MDW-LAS flight ‚Ä¢ Limited rebook options have me going through a scenic stop in Tucson ‚Ä¢ I lost my boarding position Pros: ‚Ä¢ My luckiest trips have started with flight problems ‚Ä¢ Vegas baby,VegasUnhinged,,,1,,,,,,,,,1,,,1,
2139,To when????,misskarenf,,,,,,,,,1,1,,,,,,1
2140,@Delta I'm trying to check in for a huge int'l trip and just got an error saying I need to present a CC at check-in... the CC that was used to pay for the trip is not mine. What do I do?,mattlangan,,1,,,,,,,,1,,,,,,1
2141,Arrival is right on the dot - well done @AmericanAir #HomeSweetHome,N2theClouds,,,1,,,,,,,,1,,,1,,
2142,Thank you @AmericanAir for a great ride home from #London and a great #sunset view. #travel #photographspic.twitter.com/JQFJSjxM8s,GaryRockDBA,,,,,,,1,,,,1,,,1,,
2143,Please make sure you pass on this special appreciation and praise to your Chennai team in India! Overall our experience was great traveling with kids in British Airways from DSM-DFW-LHR-MAA on 23 Dec and back MAA-LHR-ORD-DSM on Jan 16,WRITETOARUN_D,,,,,,1,,,,,1,,,1,,
2144,Jennifer from @SouthwestAir - THANK YOU! Customer service award goes to you!,vander_hooning,üèÜ ü•á,,,,,1,,,,,1,,,1,,
2145,"@Delta 3 hour delay at LGA because there isn‚Äôt a pilot, many of us pushed to a morning flight. Travel voucher to make up for this?",shivani_bhatia,,,1,,,,,,,1,,,,,,1
2146,Never mind the juice....look at those shoes!!,ShelleyZieroth,,,,,,,,,1,,,,1,,,1
2147,"Why don‚Äôt you just shut the fuck up? This is the most childish, bootlicking, petty thing I‚Äôve seen on this god forsaken site.",ddn,,,,,,,,,1,,,,1,,1,
2148,"There wouldn't be America without Thaddeus Kosciuszko. And I like Hamilton as a person and whatnot, I just think there are at least 5 other people from the 18th century more influential than him. I have listened to the music, and it's quite good!",FrNickOFMConv,,,,,,,,,1,,,,1,,,1
2149,@AmericanAir absolutely disgusting customer service. the way youre company is treating passengers is completely wrong. very disappointed,sarahcoburn7,,,,,,1,,,,,,1,,,1,
2150,"Sorry, max 8, not a. Here's the storyhttps://www.npr.org/2019/03/12/702464564/should-you-be-worried-if-youre-flying-on-a-boeing-737-max-8 ‚Ä¶",mirsasha,,,,,,,,,1,,,,1,,,1
2151,"*Boarding, want to use the #AppleWatch to scan* Gate agent: ‚ÄûI‚Äôm sorry we don‚Äôt do that anymore for security reasons, let me print you a paper copy.‚Äú @British_Airways , this is not the right direction #digitaltransformation #TechTuesday",ofrischemeier,,1,,,,,,,,,,1,,,1,
2152,I didn't know kindness had to be shown on a schedule.,Claymore2211,,,,,,1,,,,,,,1,,1,
2153,@SouthwestAir in line at DIA to check bags for a 5.25 flight and the lines are not moving,stecc9,,1,,,,,,,,,,1,,,1,
2154,@SouthwestAir Any word on the flight service to Hawaii?,eileenkeeton,,,,1,,,,,,1,,,,,,1
2155,Safe to assume you already follow @_FloridaMan,jlanzmo,,,,,,,,,1,,,,1,,,1
2156,Up at 3:30 am for my flight to #Pink19 in Las Vegas. Thanks to @SouthwestAir for getting me there safely! pic.twitter.com/vTtikFEf7f,JaceFinman,‚úàÔ∏è ‚ù§Ô∏è,,,,,,1,,,,1,,,1,,
2157,"We love flying @southwest, just bummer only new members get companion pass. I will never fly enough to land a companion pass, but new chasecard members get it! But we will continue our loyalties to SW.",BigJA55,,,,,1,,,,,,,1,,1,,
2158,When you can‚Äôt wait for @AmericanAir to launch their nonstop flight to @HeathrowAirport! Book your tickets today at http://skyharbor.com/flyphx .pic.twitter.com/jUAbE6zWLc,PHXSkyHarbor,,,,,,,,,1,,,,1,,,1
2159,"My new ‚Äúfavorite‚Äù @americanair routine is having a seamless check in and wonderful flight experience, and then waiting forever for my bags at the carousel. 40 minutes last time, going on 30 now. At a hub no less",bradsurewould,,1,,,,,,,,,,1,,,,1
2160,"@AmericanAir Hi, I'm having trouble finding the right email address or form to discuss waiving a fee for reinstating miles with an agent. Can you please point me in the right direction?",jayniraz,,,,,1,,,,,1,,,,,,1
2161,"Hey @AmericanAir, AA 3326 ""departed"" half an hour ago but is now returning to gate due to unspecified maintenance issue. Flight crew has no additional info and app still says ""on time"". What's the story?",AviN456,,,,,,,1,,,1,,,,,,1
2162,"Had something similar on my bus home on Tuesday, heard everything I never wanted to know about OpenStreetMap Ireland and how this person was going to help them out by donating storage and compute cycles.",spynappels,,,,,,,,,1,,,,1,,,1
2163,"TRANSPORT/EVENTS NEWS: 1,500 children take-off with @British_Airways as the airline hosts a careers event for the Pilots and Cabin Crew of the future - http:// bit.ly/2B5m8m8 @KidZaniaLondon @KidZania pic.twitter.com/3Jk87Nuk0e",Midbusnews,,,,,,,,,1,,,,1,,,1
2164,Hi @British_Airways - can you help me understand why I can‚Äôt get mobile or printed boarding pass for LHR-WAW tomorrow? Says need passport check but never needed before. Something new? A real pain on such an early flight,JS_thatsme,,1,,,,,,,,1,,,,,,1
2165,Saying I will climb all over you is a physical threat not just annoying.,MarySwinimer,,,,,,,,,1,,,,1,,,1
2166,"@Delta is honestly the worst airline I have ever flown. Not only was I stuck on the runway for 2 hours on my way to Jamaica, but now we‚Äôre delayed on our flight home.",StaQ91,,,1,,,,,,,,,1,,,1,
2167,S/o to the flight attendants on @SouthwestAir flight 1451 out of Portland today! Made me a ‚Äúbirthday cake‚Äù out of toilet paper and a birthday crown out of their pretzels. Also had the entire plane sing happy birthday to me for my 21st #givethemaraisepic.twitter.com/3cR8kt5Viz,Murr_0114,‚ù§Ô∏è üíô,,,,,1,,,,,1,,,1,,
2168,They canceled over 400 flights yesterday. I had to scramble to get to Kansas City. NOAA weather at either Indy or KC. Southwest let me down. They canceled twice as many flights as any other Airline yesterday. Nonsense. And customer service was terrible.,troyguthrie,,,1,,,,,,,,,1,,,1,
2169,@AmericanAir do you guys track feedback like this? I‚Äôm not a brute guy but making $600 on a flight that is 50% empty when the earnings were off last quarter? Seems to me - you make money in business? No reply? I‚Äôm not going away without an answer.,capital_lj,,,,,,,1,,,1,,,,,1,
2170,I‚Äôve had the same issue many times and only at BWI. Its ridiculous!!!,dchmax,,,,1,,,,,,,,1,,,1,
2171,@SouthwestAir so happy to hear about #sandiego #hawaii flights! Waiting for your flights abroad too! Then the only website I need to visit will be yours.,BoErol1,üòä,,,1,,,,,,,1,,,1,,
2172,. @TSA reducing checkpoints at @BWI_Airport due to ‚Äúexcessive call outs.‚Äù This is a busy holiday weekend but Saturday night typically has one of the lightest volume of flyers. Definitely something to watch tomorrow and Monday as folks come home. BWI is a big @SouthwestAir hub. https://twitter.com/TSA/status/1086753037618683909 ‚Ä¶,krisvancleave,,1,,,,,,,,,,,1,,,1
2173,"I like SW, but @AlaskaAir is First Tier to customers. #iFlyAlaska",MrOvoXO92,,,,,,1,,,,,1,,,1,,
2174,"Hey @AmericanAir, your system needs optimization! I tried to get a same day change onto a flight with open seats for $75 (SDT seats sold out, so no). You ended up paying people $400 to volunteer off my oversold flight.",boyceaz,,,,1,,,,,,1,,1,,,1,
2175,@Delta Got basic economy seats on part of my trip and United allowed me to buy an upgrade but Delta wouldn't :(,mrscog58,,,,,,,,1,,,,1,,,1,
2176,So I am claiming for my refund. Who will pay @AirAsiaSupport @goibibo @timesofindia @BhaskaranSunil @johhny619,naughtyshk,,,,1,,,,,,1,,,,,,1
2177,"Had a nightmare flt on UA last fall. After customer service (phone) was unhelpful getting me to SFO after broken aircraft, I tweeted. They had my problem fixed in 5 min after that. It‚Äôs all the airlines respond to.",jujuscape,,,,,,1,,,,,,,1,,,1
2178,"Felt completely safe flying on a @SouthwestAir @BoeingAirplanes 737 Max8 today. I trust the pilots, mechanics and engineers that service and fly these planes. @CNBCpic.twitter.com/tV33PkbC4w",ND_Tog,,,,,,,1,,,,1,,,1,,
2179,"Hi, @SouthwestAir - what you‚Äôre about to do to us at MDW is the kind of thing that could break us up. Telling us in the morning that we‚Äôre delayed almost 5 hours and then moving that up by 4 with zero warning is not cool.",RadioFreeTom,,,1,,,,,,,,,1,,,1,
2180,How about that? @BWI_Airport and @SouthwestAir made #HonoringHerb a trending topic in the US. I have spoken.,WhoTrendedIT,,,,,,,,,1,,,,1,,,1
2181,Just boarded @AmericanAir 1340 from @Reagan_Airport to @miamiairports -I‚Äôm sorry but there‚Äôs no need for 9 boarding groups on a domestic flight - it would be efficient to board from the rear forward with business class the last to board.,CaddieTours,,,,,,,,1,,,,,1,,,1
2182,"If there was a god, people such as these would not exist darling x",jigsawuk,,,,,,,,,1,,,,1,,,1
2183,@Delta So your going to board comfort+ before Platinum and Gold Medallion members??? Thanks for giving me another reason to dump Delta and switch to @AmericanAir. I don‚Äôt understand why you continually crap on the people who fly the most.,WesternNC1969,,,,,1,,,,,,,1,,,1,
2184,Thank you. Cheers.,fivehundy,,,,,,,,,1,,,,1,1,,
2185,Sitting on the tarmac in San Jose after a two plus hour @Delta delay. Plane was delayed because it was in the hanger and nobody was around to tow it (?) to the gate?,davisfields4,,,1,,,,,,,,,1,,,1,
2186,Keep the fires burning in your heart and your record deal will come through for you. You are awesome and you have nothing to drop your head about. You did everything you could to win. I am very proud that I got to see you perform throughout the competition.Way to go.,Leigh79555503,,,,,,,,,1,,1,,,1,,
2187,Done! You‚Äôve got us for many more years to come! #familytravel,MyVirtualVaca,üòÄ ‚úàÔ∏è,,,,,,,,1,,1,,,1,,
2188,Ohhh you have no idea.,AdamRStroz,,,,,,,,,1,,,,1,,,1
2189,@Delta the gate agent is now making boarding announcements for 2613 flight 2.5 hours from now....funny! Will there be a crew? @FOX5Atlanta hope you guys follow this story,jake00814100,,1,,,,,,,,1,,,,,,1
2190,@AirAsiaSupport Your online check-in does not work...i have a flight out tomorrow a.m.,ckomagan,,1,,,,,,,,1,,,,,,1
2191,Sometimes airport layovers are quite nice ... beautiful sunset! Thanks @delta @Atlanta International Airport-Delta Airlines https://www.instagram.com/p/Bt9hLrBnyJJ_5U_25chpGLmiB0iJZJqujqhRuY0/?utm_source=ig_twitter_share&igshid=a9zz7tjxnq12 ‚Ä¶,HappyHarleyGurl,,,1,,,,,,,,1,,,1,,
2192,Always! We love @SouthwestAir and your rapid reward points,TTUlaura,‚ù§Ô∏è üòç,,,,1,,,,,,1,,,1,,
2193,@AmericanAir second time you didn‚Äôt bring my bag on the same plane I‚Äôm on now I have to wait tomorrow to get it grrrrreat,Big__mike13,üôÑ,1,,,,,,,,,,1,,,1,
2194,"Hallo @KLM! What's up @MAS and @SAS! Hey @AmericanAir, @VirginAtlantic and @VirginAmerica as well! Can't you help advertise this on a menu card or in a magazine in your planes? Imagine how many people you could reach! @heyyguidohttps://twitter.com/PhotoandGrime/status/1084882979233644545 ‚Ä¶",PhotoandGrime,,,,,,,,,1,,,,1,,,1
2195,You need a 5p flight out of LGA.,GoldboxATL,,,,1,,,,,,,,,1,,,1
2196,Just landed at Logan & my @SouthwestAir flight attendant announced ‚ÄúWelcome to Boston! ‚Äî the Happiest Place in Earth!‚Äù And I just really appreciate her enthusiasm for my fav city in the world. ‚Äì at Boston Logan International Airport (BOS),briher10,,,,,,1,,,,,1,,,1,,
2197,Looks so cosy,cconnolly965,,,,,,,1,,,,1,,,1,,
2198,"Funny, my son is the only one having a stuffed animal party in the @Delta Sky Lounge. #deltaskylounge #deltaamex @AmericanExpress #LAXpic.twitter.com/G75kmc8CHb",workationwoman,,,,,1,,,,,,1,,,1,,
2199,As long as the Service levels don‚Äôt go back in time too. Then again perhaps they should,skthornber1,,,,,,1,,,,,,,1,,,1
2200,Remind me NEVER to travel on @AmericanAir EVER AGAIN.,lsarsour,,,,,,,,,1,,,1,,,1,
2201,@AirAsia @AirAsiaSupport please help me out https://twitter.com/gshubh76/status/1081579675015512065 ‚Ä¶,gshubh76,,,,1,,,,,,1,,,,,,1
2202,"Good try, but no!",DaveWallsworth,,,,,,,,,1,,,,1,,,1
2203,Cool. Thanks,CharlesRBlack,,,,,,,,,1,,,,1,1,,
2204,It‚Äôs nice that @SouthwestAir advertises ‚Äúbags fly free‚Äù but when it takes a freaking hour to collect your luggage at Midway it kind of spoils the fun!,reedert,,1,,,,,,,,,,1,,,1,
2205,A great day made even greater by the amazing staff @British_Airways big shout out to Alan on BA4470 this eve! Above & beyond is why I stay loyal! #amazing #CustomerService #goldmember pic.twitter.com/5QvefdyjDL,annabratton,,,,,,1,,,,,1,,,1,,
2206,"Damn! I got return flights with #BA100 from London to Abu Dhabi For ¬£200 in the @British_Airways sale, but then hesitated and lost them pic.twitter.com/nrkv4EwbQQ",kirstypoole,,,,1,,,,,,,,,1,,1,
2207,It‚Äôs delayed. There‚Äôs nothing that can be done.,heatherakemi,,,1,,,,,,,,,1,,,1,
2208,@Delta -have you heard of an old-fashioned way to communicate -pen and paper?,ChrisitnaG,,,,,,1,,,,,,,1,,,1
2209,I doubt you‚Äôve taken even a moment to read up on employment laws,pennywiseass,,,,,,,,,1,,,1,,,1,
2210,Why is it always shenanigans when I travel with you? @AmericanAir,I_DreamOfJiji,,,,,,,,,1,,,1,,,1,
2211,"It's nicely done, but I still say @British_Airways missed a trick by not getting the chief Yorkshire Pudding supporter and wrangler @IMcMillan for this line... pic.twitter.com/lfCRbpLfU2",MAW_H,,,,,,,1,,,,1,,,1,,
2212,You and @andre should start an @AmericanAir support group,KharmaPharma,,,,,,,,,1,,,,1,,,1
2213,@AmericanAir this is completely unacceptable! 10 am departure CLT to PUJ delayed THREE TIMES. Estimated depart 5pm now? Your day old sandwiches don't cut it.,jimbuck80,,,1,,,,,,,,,1,,,1,
2214,Excellent! We hope you have a wonderful day.,HeathrowAirport,,,,,,,,,1,,1,,,1,,
2215,"I dunno about the cheap flights thing. Seems like the cheap flights mentality has carried over for years, but not in actual pricing. Try Vegas<>Reno for example. Highway robbery. Don't get me wrong. SW is effectively the only airline I fly. Oh shoot! There I go too!",cdrichard01,,,,1,,,,,,,,1,,,1,
2216,Got it. So we should only care about racism directed at African Americans and ignore all other forms of bigotry.,Smg_Isaiah4031_,,,,,,,,,1,,,,1,,,1
2217,Please support @ClaflinUniv1869‚Äôs @hbcubotbrains team‚Äôs travel to TX to compete next month. Donations are tax deductible. #GoTeamClaflin #Claflin150 @CUIAA #HBCU @HomeDepot @NFL @Dell @Delta https://twitter.com/hbcubotbrains/status/1092452724518486024 ‚Ä¶,BWheeler_PhD,,,,,,,,,1,,,,1,,,1
2218,Flying American tomorrow. Lovely,jetsettingjoggr,,,,,,,,,1,,1,,,1,,
2219,@AirAsiaSupport Depart from KUL to LOP. LOP to DPS. DPS to KUL back. Please refer below statement. Did air asia aware about this? Is it ok to fly? pic.twitter.com/741o3HGzwk,fara4ida,,,,,,,1,,,1,,,,,,1
2220,Congrats on the copy paste. That‚Äôs a no then. Can you tell me how to know what plane is being flown on a route? Then I can avoid the #Boeing737Max,lwfromltsince,,,,1,,,,,,1,,,,,1,
2221,"I also realized I am not sure what the aircraft in the middle is. VC-10 If I'm not mistaken, but it looks like it only has one engine on this side. Anyone have any suggestions?",HornettDaniel,,,,,,,,,1,1,,,,,,1
2222,I believe GCM is at LHR due to transfer traffic (but has to go via somewhere) - finance industry‚Ä¶ The balance is always going to be tricky though.,LuxuryTravelled,,,,,,,,,1,,,,1,,,1
2223,No I am not,idahochargerfan,üò£,,,,,,,,1,,,,1,,,1
2224,"I will never fly with @AmericanAir ever again. I just had the worst experience, that left me in tears. I was lied to, manipulated, and straight up disrespected. Then when I tried to get my money back, they told me I was being difficult. Never again!!",superfan9999,,,,,,1,,,,,,1,,,1,
2225,Sold out in no time!,Stevenson12Amy,üò≠,,,1,,,,,,,,1,,,,1
2226,I have DM the details,RajHanjabam,,,,,,,,,1,1,,,,,,1
2227,Was just reminded as to why I never choose to fly with @AmericanAir. HORRIBLE customer service experience at the gate in Miami International.,thevirgoh,,,,,,1,,,,,,1,,,1,
2228,"On the pawsitive it side, he‚Äôs in safe hands",8600Silkeborg,ü§≤,,,,,,,,1,,,,1,,,1
2229,@AirAsia @AirAsiaSupport hi I'm a student who need to do a presentation regarding AirAsia. Would anyone help me please? :),lunamintt,,,,,,,,,1,1,,,,,,1
2230,@AmericanAir @British_Airways my AAdvantage Gold status is refusing to reflect as one world ruby and as a result I‚Äôve been unable to redeem any perks on my upcoming British Airways flight. Who do I need to contact to fix this problem? Thank you,abimisola_,,,,,1,,,,,1,,,,,,1
2231,"Hubby flew out at 6am & has discovered his DL is missing BUT Security, @AmericanAir & @united at Easterwood Airport went above and beyond looking for it Thank you to everyone at @flyeasterwood #grateful #bcstx #flyEasterwood",AngeliqueGammon,üò¨ üòÄ,,,,,1,,,,,1,,,1,,
2232,My first thought was @americanair - before I saw that was indeed the case,cindygallop,üôÇ,,,,,,,,1,,,,1,,,1
2233,@AmericanAir thank you Michelle for your help today #paystonottogiveup,EnDHance,,,,,,1,,,,,1,,,1,,
2234,I heard a rumor that Southwest Airlines was going to start charging for baggage‚Ä¶ Is there any truth to this?,jross3525,,1,,,,,,,,1,,,,,,1
2235,@British_Airways Been without my bag for a Business trip in Dusseldorf all day now. Courier can‚Äôt even give me a window of delivery. You guys really need to sort your baggage handling systems. No compensation can even begin to cover the disruption and damage caused to my business,Joseff_Evans,,1,,,,,,,,,,1,,,1,
2236,Sweeeeet.,jumbo747pilot,,,,,,,,,1,,1,,,1,,
2237,No. ‚ÄúEarlier zones‚Äù pay a premium.,Libs407,,,,,,,,,1,,,,1,,,1
2238,"I‚Äôd like to extend my sincere thanks to @AmericanAir for 2 weeks of absolutely fantastic customer service. With back 2 back PHL 2 LAX flights we had cancellations, delays & changes. However, your customer service was exceptional & in the end I made it home for 2 important events.",EricRMcPherson,,,,,,1,,,,,1,,,1,,
2239,"Well I recommend bringing some earplugs, there are screaming kids trust me. I had a couple fly right behind me from Japan to Minneapolis, Minnesota for most of the time. Thankfully my @Delta airline served many brewskis which helped me sleep through it.",Zippertheslip,,,,,,,1,,,,,,1,,,1
2240,"@SouthwestAir Okay here's the deal...i""ll give up free bags and free pretzels if you will pay whatever it takes to train your pilots how to fly the 737Max... If you don't?..bad things are gonna happen. AND... this is from a huge fan of SWA #737MAX",MikeAllardyce1,üí• üò≠,,,,,,1,,,,,,1,,,1
2241,"Ground staff they did not know in advance that plane BA054 JNB-->LHR tonight would be B747, instead of A380. My 14-year-old's a plane enthusiast. He already knew this morning. #misrepresentation",Rabbishish,,,,,,1,,,,,,1,,,1,
2242,"Brittany, get the ‚Äúflight aware‚Äù app and look up your flight number and date. The plans type is in the upper right corner.",dapplegrey07,,,,,,,1,,,,,,1,,,1
2243,@Delta not sure how your doing this new zone boarding but what is the point of being a Gold medallion in Sky if they board with main zone 1?,chefwurster,,,,,1,,,,,1,,,,,,1
2244,@AmericanAir during my flight my hand luggage had items stolen from and nobody is able to point me in the right direction to resolve this incident. Flight AA108 February 8th 2019 6.35pm,cassiecr3,,1,,,,,,,,,,1,,,1,
2245,"You‚Äôve kept her there waiting literally all day. Seriously. Don‚Äôt book a trip from Abilene to Palm Beach if you can‚Äôt get people to their connecting flights. That‚Äôs on you. And-you slammed the door on not one, but 2 people in this family today. New policy?",petsounds77,,,1,,,,,,,,,1,,,1,
2246,Now we know which flight you are taking watch out for the hungry mob. Not sure they‚Äôll make it all the way to Edinburgh!,BA6948,,,,,,,,,1,,,,1,,,1
2247,British airways is (are?) worse. Apparently. And Vancouver island weather.,RobinSutmoller,,,,,,,,,1,,,1,,,1,
2248,"@AmericanAir can someone explain to me how it takes over an hour to do paperwork for a manual override, and then how it‚Äôs taking over an hour for bags to make it to baggage claim",SecordOut,,1,,,,,,,,1,,,,,1,
2249,Praise God no one was hurt!,ArbedDk,üôèüèΩ üôèüèΩ üïä üïä,,,,,,,,1,,,,1,,,1
2250,"@British_Airways our bags were lost on Friday‚Äôs flight from Heathrow to Austin, and we were told they would be delivered Saturday night after the next flight. We have yet to hear about receiving our bags.",Lee_Rutter4,,1,,,,,,,,1,,,,,,1
2251,You need to ground the #737Max until this issue is fixed!!!!,SuccessRoar,,,,,,,1,,,,,1,,,1,
2252,@AmericanAir even though my mom made it in time she was forced to take the next flight. She paid for a better seat only to be placed on the next flight sitting in the 36th Row. Give her the money back!,MandyTarango,,,,,,,,1,,,,1,,,1,
2253,and cheese is still not a topping!,johnnyrotten23,,,,,,,1,,,,,1,,,1,
2254,"'progress' sure seems dead in the water for American Airlines.. Look at all of the complaints that their farms have to drown out here on Twitter. Just last week at my local airport, their baggage claim had a sea of lost luggage from a bunch of other flights. +some lady sat in pee",ScratchingMyHed,,1,,,,,,,,,,1,,,1,
2255,If only @rkelly wasn‚Äôt involved in Space Jam.......,AmandaLacia,ü§¶üèº‚Äç‚ôÄÔ∏è,,,,,,,,1,,,,1,,,1
2256,Flying over beautiful @canada yesterday with @british_airways (1/2) #nofilter pic.twitter.com/QwV0dWU6Eg,johnbreslin,,,,,,,1,,,,1,,,1,,
2257,"@AirAsiaSupport On February 5th, 2019, I made an inquiry from the AirAsia Japan homepage, but there was no reply. Case number 10099095.",hinata1209,,,,1,,,,,,1,,,,,,1
2258,@Delta Just landed in ATL. Hold flight 2085 pleaaaase. It's boarding!,SaludaSC,,,1,,,,,,,1,,,,,,1
2259,You think flights don‚Äôt happen at the end of the day? Lol,Samanataha,,,,,,,,,1,,,,1,,,1
2260,I‚Äôve got to stop flying @AmericanAir. Holy crap!!!,raypendyck,,,,,,,,,1,,,1,,,1,
2261,"@Delta and the kindess, empathy of their agents. #thankyou #withappreciation",sab22310,‚ù§,,,,,1,,,,,1,,,1,,
2262,I know that - all the more reason I avoid them now if possible,paulamiller_650,,,,,,,,,1,,,1,,,1,
2263,Are you kidding me,hannahfugini,,,,,,,,,1,1,,,,,1,
2264,@AmericanAir we flying Friday to Miami? I see the craft is a Boeing 737 Max...,samHsjoberg,,,,,,,1,,,1,,,,,,1
2265,@SouthwestAir We‚Äôve been sitting on the plane for 2 hours and haven‚Äôt left the gate. Can we get an update please?,JoeyHolmes94,,,1,,,,,,,1,,,,,,1
2266,@Delta captain commuting/non-reving on my flight got up to help the ground crews get bags out of the jet bridge and down to be loaded. That speaks volumes about his commitment to supporting his team. Any way to get him some kudos?,aaronmhurd,,,,,,1,,,,,1,,,1,,
2267,"So I know you were probably pretty busy yesterday, @AmericanAir, but this is incredibly frustrating. And to add insult to injury, I‚Äôve noticed that flight has dropped $50 per person. I get that that happens, it‚Äôs always a gamble, but now we‚Äôve paid more for flights that are worse https://twitter.com/sahpatt/status/1105894164552736769 ‚Ä¶",alibaxter,,,,1,,,,,,,,1,,,1,
2268,"Makes a comfy bed, just don't be dressing me up hoomanz!",twiglet_tweets,,,,,,,,,1,,,,1,,,1
2269,Round 2 of loading @AmericanAir DFW to BMI. Hopefully they don‚Äôt mess with the flight crew this time! pic.twitter.com/EHTWclEZo5 ‚Äì at Gate D6,FredButt6,,,,,,,,,1,,,,1,,,1
2270,It's the moment we've all been waiting for - the #6Nations is back! And @CSM_Live will return to Twickenham next weekend to deliver a special activation for @British_Airways following a successful Autumn International campaign. Read more on that here: http:// bit.ly/2RZaaES pic.twitter.com/HlaWPF3fEY,CSM_Europe,,,,,,,,,1,,,,1,,,1
2271,"@Delta Super disappointed in service for DL10 leaving Today. Our Comfort+seats were changed today while we were boarding.gate agent raised her voice, no resolution, just pushed us into bad seats instead of what we paid for. Please help!",DGLRYD53,,,,,,,,1,,,,1,,,1,
2272,I got fast reply before in their facebook page support,realnotbaekho,,,,,,,,,1,,,,1,1,,
2273,"Delta makes the decision to put more fuel in the plane (why not be prepared?)from Cleveland so I miss my flight in ATL. Put me on the next to bhm? No way, but my bag made it :) @Delta",AndyAnnakin,,,1,,,,,,,,,,1,,,1
2274,Been there often. Excellent views.,gkorwan,‚úàÔ∏è ‚úàÔ∏è üëä,,,,,,,,1,1,,,,1,,
2275,I dislike this policy!,KristenHosman,,,,,,,,,1,,,1,,,1,
2276,@AmericanAir flight 1600 arrives early by twenty minutes in MIA and now we are an hour late. Mighty fine operations!,markfpatrick,,,1,,,,,,,,,1,,,1,
2277,Hey @SouthwestAir sitting on this plane for almost 2 hours waiting for 3 people‚Äôs luggage is pretty cool for those 3 people...but pretty crappy for the rest of us. (Esp those of us that were on the flight 5 hours ago that was canceled),AMinCTown,,,1,,,,,,,,,1,,,1,
2278,It matters to @delta. It's part of their loyalty program.,PunCass1,,,,,1,,,,,,,,1,,,1
2279,I pay $105 for one line,UmpireRobert,,,,,,,,,1,,,,1,,,1
2280,"Awesome, thanks. March 14th it is.",tja0881,,,,,,,,,1,,,,1,,,1
2281,"Stunning, looked amazing in the flesh watching her arrive, albeit on a wet, gloomy, LHR. Can‚Äôt wait for Landor. Please paint Landor on a younger 747, so we can admire it until retirement circa 2023!",BhAvGeek,,,,,,,1,,,,1,,,1,,
2282,"I‚Äôve flown @SouthwestAir for years now and have never had an issue. Until tonight, when they broke my luggage and my clothes were on the airport floor",kourt_lynne,üòí,1,,,,,,,,,,1,,,1,
2283,"Quality, comfort & sterile. Thank you @AmericanAir pic.twitter.com/Xp4R32Fboo",Lgsr1,,,,,,,1,,,,1,,,1,,
2284,Glad to know we're not alone on the runway. Our @AmericanAir plane is one of about a dozen that I can see that has been sitting on the runway for over an hour at DFW due to weather. Hope we get the go ahead soon.,PollywogPrinces,,,1,,,,,,,,,,1,,,1
2285,Have fun Ashley! Hopefully the weather is better than forecasted. Get lots of pics... And cheer on that 9 car all the way to victory for us! I'm counting on you soldier!!,ChaseArmy1,üòÄ üôÉ,,,,,,,,1,,,,1,1,,
2286,Did you ever get home?,wilsongarrett,,,,,,,,,1,1,,,,,,1
2287,"@americanair flight 193 from LA - Hong Kong, does it land on the same day or next day? And flight 192, same question.",schneider,,,,1,,,,,,1,,,,,,1
2288,Always a pleasure to fly SWA!!,d_smithd0209,,,,,,1,,,,,1,,,1,,
2289,I‚Äôd like to see about compensation for my inconvenience or a refund because I do not believe proper procedure was followed.,R2R_Nate,,,,1,,,,,,1,,,,,1,
2290,"I think I've flown Delta like once or twice. In my experience flying suck ass in general, so I'll pay the extra $20 or whatever to fly JetBlue and not hate everything",RappaciousOne,,,,,,,1,,,,,1,,,1,
2291,First class @British_Airways lounge #vegan options are: rice and potatoes. Well done BA. Even the waiter laughed .,aka20p,,,,,,,1,,,,,1,,,1,
2292,Enjoying all the free entertainment on our @SouthwestAir flight from Grand Cayman. Like father like son. #alist #SouthwestHeartpic.twitter.com/MRlFdb9BWt,PlayPartyPlan,,,,,,,1,,,,1,,,1,,
2293,Pot holes get everywhere lol.. Well done pilot,Medtechcerb,,,,,,,1,,,,,1,,,1,
2294,Done. Thank you!,jph_GSG,,,,,,,,,1,,1,,,1,,
2295,@Delta Delta is one of my favorite air companies until I saw this a few days ago flying back to Houston from Detroit. This video shows how the ground staff handling our bags. One of them was mine and I was not quite happy with him throwing my bag into the trailer. pic.twitter.com/uVxIOr5GO6,yiheng_zhao,,1,,,,,,,,,,1,,,1,
2296,We‚Äôre flying Virgin when we go to Europe later this year,Scairp114,,,,,,,,,1,,,,1,,,1
2297,But your ground crew member Michael (not sure last name) has been EXCEPTIONAL. A very welcome bright spot in this experience! He is at BWI gate A10.,ksimonetti,üëç,,,,,1,,,,,1,,,1,,
2298,We share a birthday. Who knew?,Dibble75,,,,,,,,,1,,,,1,,,1
2299,"My @SouthwestAir flight attendant made my day ‚ÄúAlrighty folks if we could pretend to get your attention for a few minutes!‚Äù ‚ÄúRemember to use airplane mode and stuff‚Äù ‚ÄúLet‚Äôs talk about smoking for a minute. 1st of all smoking is bad for you, 2nd of all on planes it‚Äôs a big no no‚Äù",JennSkyeW,,,,,,1,,,,,1,,,1,,
2300,On the day itself ke? Or before,AArifPikaPi,,,,,,,,,1,1,,,,,,1
2301,"This is by far the funniest thing I‚Äôve ever read, this is a joke right, I‚Äôll bet @Delta and @SouthwestAir along with all the other Airlines are laughing in hysteria!pic.twitter.com/rikx4dmkXT",IamDonskie,,,,,,,,,1,1,,,,,,1
2302,"Sue Delta, sue that scumbag Captain!",mojorising71,,,,,,,,,1,,,1,,,1,
2303,@Delta trying to check in for my flight right now out of LAX in a few hours and realized my TSA pre check number wasn‚Äôt on the reservation that work had booked for me. Is there a way to fix it?,jaybattsby,üôèüèª,1,,,,,,,,1,,,,,,1
2304,@AmericanAir just had a super awful flight crew on our flight from DFW to LAX. Super rude over the loudspeaker and also just made random unnecessary announcements over the speaker multiple times on the flight.,MissAgey,,,,,,1,,,,,,1,,,1,
2305,Encore !,Guiguiii94,,,,,,,,,1,,1,,,1,,
2306,"How did this conversation go? Just read that @SouthwestAir are not going to ground their #737MAX8 fleet, which to me sounds like a poor and dangerous decision",scoti5,,,,,,,1,,,,,,1,,1,
2307,"If possible book all future travel on Spirt, JetBlue, Frontier, and Delta no 737max.",jetpenguin,,,,,,,1,,,,,,1,,1,
2308,I think Canada is awesome!,WillNovak13,,,,,,,,,1,,,,1,1,,
2309,There are a million reasons I love my husband but this is one more. On our flight to San Jose today this lady sat next to us because he ‚Äúlooked kind‚Äù - she was afraid to fly and asked to hold his hand on take off and landing! . @SouthwestAir pic.twitter.com/OQ2VnWOney,Samboomer1,‚ù§Ô∏è ‚úàÔ∏è,,,,,,,,1,,,,1,1,,
2310,I‚Äôm going to Disney World!!!!! #SouthwestAirlines,Mistaken1702,,,,,,,,,1,,,,1,1,,
2311,"@Delta canceled our flight from LGA, booked wife and me on separate flights. On phone, first agent was unhelpful and hung up. Second agent was helpful. Baggage agent at LGA rudely reprimanded us for approaching. There were no other customers in line. #deltalousyservice",RJBradford100,,,,1,,,,,,,,1,,,1,
2312,Moose,sueallers,,,,,,,,,1,,,,1,,,1
2313,As opposed the BEA. ‚ÄúBack Every Afternoon‚Äù as it was know by the crews,grahamsturgeon,,,,,,,,,1,,,,1,,,1
2314,Hi how can i change check in info ? I have DM you also,Doodoot,,1,,,,,,,,1,,,,,,1
2315,@SouthwestAir I am reaching out regarding getting a refund for WiFi that did not work on our flight.,michelle4339,,,,,,,1,,,1,,,,,,1
2316,You can borrow my very old @Samsung tablet thing that doesn't work,trumpyonair,,,,,,,,,1,,,,1,,1,
2317,@AmericanAir Don‚Äôt gamble with human lives! Do the right thing and ground the @BoeingAirplanes 737 MAX 8 until an investigation is completed! Boeing postpone new aircraft launch as airlines respond to fears over the company‚Äôs 737 MAX 8 planeshttps://twitter.com/i/events/1104932384997142528 ‚Ä¶,EEHouse3,,,,,,,1,,,,,,1,,1,
2318,"Washington HS in @USDFremont had 5 students earn an @iCEVonline nationally recognized certification, CONGRATS to teacher, Lisa Burns! @SouthwestAir https://www.youtube.com/watch?v=6ZnHq012inA&feature=youtu.be ‚Ä¶pic.twitter.com/NHH7GeuBnI",1SweetIrish70,,,,,,,,,1,,,,1,,,1
2319,"Thanks, @British_Airways , for keeping count‚Ä¶ ‚Äúsince you first travelled with us in 1991 you have flown 1,546,530 miles, which is the same as flying 62.2 times around the¬†world‚Äù",ideapharma,,,,,1,,,,,,1,,,1,,
2320,National security is more important than NFL football. If TSA hires don‚Äôt work they don‚Äôt get paid. The ones who do work will be paid. If short staffed they can only safely process so many people so get to the airport early.,pattylovesusa,,,,,,,,,1,,,,1,,,1
2321,After 12 hours of delays the flight gets cancelled. You stink @AmericanAir,JamesCrowder,,,1,,,,,,,,,1,,,1,
2322,That‚Äôs disgraceful. Complain!!,sixsidedman,,,,,,,,,1,,,1,,,1,
2323,"@AmericanAir while at customer service, 15 people waiting, two of the 3 agents decide to show each other baby shower pics from the weekend and gossip. One of them goes on to say ""just going to sit back here and eat my snack"". unacceptable",alextatex,,,,,,1,,,,,,1,,,1,
2324,Wouldn't that be a question for TSA not @SouthwestAir? It's a shame you felt the need to post that on a Tweet regarding the passing of Herb Kelleher.,OzFlyGirl747,,,,,,,,,1,,,,1,,1,
2325,"No probs, anyone would think you were busy trying to run an international airline Am I OK to DM my booking reference please? And do you need any additional info?",andy_surrey,,,,1,,,,,,1,,,,,,1
2326,@AmericanAir canceled our flight but no one can rebook us on a flight that can get us to our destination. Can you help?,MrMittelman,,,,1,,,,,,1,,,,,,1
2327,"@AmericanAir Still waiting for my 1:50 PM flight to takeoff. Was on standby for 2 different flights. Miraculously made it onto the 2nd, and just when I was settled in, they came and took me off! Now hoping for 930. No food voucher or anything",BethGall6495,,,1,,,,,,,,,1,,,1,
2328,"@AmericanAir this is a first. Good to hear you're expanding and pulling planes from Delta, but this isn't a great look! pic.twitter.com/pDBsJGOcc0",MattySchnitz,,,,,,,,,1,,,,1,,,1
2329,"@SouthwestAir by the way, how often do you wipe down your planes? Should have taken a pic of last plane.",AnaTX61,ü§™,,,,,,1,,,,,1,,,,1
2330,@Delta same flight. Cash: $95.30 Miles+Cash: $95.60 + 2K miles Wassup here? How is the miles + cash more? pic.twitter.com/W9mcdIFDih,MerryMorud,ü§î,,,,1,,,,,1,,,,,,1
2331,"BA brings the 747 to India specifically Mumbai often, wonder if it would come here.. be a good sight..",KrishnaAnand_,,,,1,,,,,,1,,,,,,1
2332,"Tail winds and blue skies, Mr. Kelleher. Thank you for building such a wonderful airline for us! #AvGeek @SouthwestAir pic.twitter.com/4nboY60QzD",Astro95Media,‚úàÔ∏è,,,,,,1,,,,1,,,1,,
2333,I loved when American did a 757 like an old 707 pic.twitter.com/ANfuPxunGn,d0gmah,,,,,,,1,,,,1,,,1,,
2334,What a brilliant idea! Hope you will do some planes in BEA livery too @British_Airways #nostalgia #britishairways https:// twitter.com/British_Airway s/status/1088436409063665671 ‚Ä¶,krozworld,,,,,,,1,,,,1,,,1,,
2335,"How is *being on the plane in question* not taking it in ""sequence""?",vedia_lupae,,,,,,,,,1,1,,,,,,1
2336,"In 1991, United Airlines was forced to back off of it's plans to fly #Hawaii interisland. Today, a @SouthwestAir plane landed at an airport named after the man that was instrumental in that blocking. SWA intends to fly interisland. Civil Aviation in Hawaii has changed. pic.twitter.com/oKWbnPXZVj",PoliticsHI,,,,,,,,,1,,,,1,,,1
2337,"It‚Äôs just about 26 hours from travel time, and we have a domestic connection first. @TravelGov just pulled US non-essential personnel and children. We need to know now. #HaitiProtest",StevenUhde,,,1,,,,,,,1,,,,,1,
2338,They know how to get you with it all!,AliciaW_RFC,,,,,,,,,1,,,,1,,,1
2339,No @British_Airways !! Thats a 0/10. Not sure what was worse... a 10 hour flight with a lap infant and the audio jack for the screen broken or the usb port not working so i can charge my phone to keep myself busy with mobile games. Never again!! It was a #kakflight home.,martin_grobler,,,,,,,1,,,,,1,,,1,
2340,@delta - Good morning from @Reagan_Airport on our way to PVR!pic.twitter.com/ioPjANsodv,domsachez74,,,,,,,,,1,,,,1,1,,
2341,Well between them @British_Airways and @Iberia_en contrived to make the worst code share online check in experience ever. Time for some #DesignThinking,tonyhorrocks,,1,,,,,,,,,,1,,,1,
2342,Anyone having issues opening links from an email @British_Airways sent today about my flights? It seems to crash the browser on my iPhone !!,agibsonetc,,,,1,,,,,,,,1,,,1,
2343,@americanair so disappointed in you! Our flight out of STB got timed out yesterday and today you don‚Äôt even hold our connecting flight!!!! Really??? What has happened to your customer service? is it time to switch back to @united?,laxhound,ü§¨ ü§¨ ü§¨,,1,,,,,,,,,1,,,1,
2344,@AirAsiaSupport pls fix your mobile apps,faizRzxr,,,,1,,,,,,,,1,,,1,
2345,"Thank you for spending money with @twitter to target me with this advert. As a direct result, I am muting you to protest the ongoing censorship of women by @twitter .",Joes_head_chef,,,,,,,,,1,,,,1,,1,
2346,What you feel like with your flight is cancelled but @SouthwestAir comes through and gets you home faster than anyone else. pic.twitter.com/Ku1MiHFy4S,ben_stroup,,,1,,,,,,,,1,,,1,,
2347,"Our wait times have been minimal so far, but we always recommend arriving 90 minutes prior to flight departure to avoid an unforeseen delays.",BUFAirport,,,1,,,,,,,,,,1,,,1
2348,"@AirAsiaSupport My flight for 20th Feb has been cancelled , kindly reschedule the same for the next day. It's awful to inform a week before when the ticket prices are surging. My reference number is 10400804.",tmohanty8,,,,1,,,,,,1,,,,,1,
2349,I‚Äôm curious about that too.,drbet33,,,,,,,,,1,,,,1,,,1
2350,good luck with @americanair I don't think they really care... (they prove it in the past they don't care about passenger safety or customer care),Iskender_gh,,,,,,1,,,,,,1,,,1,
2351,"@americanair is scum, never fly with them unless you want to be treated like shit!",BeccaStarkman,,,,,,1,,,,,,1,,,1,
2352,why i can‚Äôt fill coloumn arriving,indalyin,,,,,,,,,1,1,,,,,,1
2353,Difficult to help Mark when he does not provide any details. There is a right to compo with lost luggage so am amazed he got nothing. But it‚Äôs easy to complain for the sake of complaining...,LoungeDragon,,1,,,,,,,,1,,,,,,1
2354,Sounds like @AmericanAir owes you some miles/credit!,MrReegz,,,,,1,,,,,,,1,,,1,
2355,Will I Continue To Fly American Airlines In 2019? https://onemileatatime.com/fly-american-airlines-2019/ ‚Ä¶ via @OneMileataTime he makes some great points about @AmericanAir. Last year 123K on AA mostly from MIA and ORD to South America. More horror stories than I care to recount. @kilgorene,EarnThoseMiles,,,,,1,,,,,,,,1,1,,
2356,"Possibly doing some drifting, apron donuts.. taking selfies...having fun at work. Lets just leave the guy alone.",ArtoftheSkies,,,,,,,,,1,,,,1,1,,
2357,"@SouthwestAir - you seriously just boarded an flight of people, locked the doors and then had the flight attendant say ‚ÄúHQ just told us we are cancelled.‚Äù Really???",danicaross,,,1,,,,,,,,,1,,,1,
2358,Ry I‚Äôve heard you love pizza,nataliejhowarth,,,,,,,,,1,,,,1,1,,
2359,"With slot constraints at LHR it would make sense to order more A380‚Äôs, it‚Äôs wether there is demand to allow high load factors. Hoping there is, and an order is made!",TheAviationPig,,,,,,,,,1,,,,1,1,,
2360,This just happened to me on a Delta plane not even an hour ago,nikkigboo96,,,,,,,,,1,,,,1,,,1
2361,"Our thoughts and prayers are with the family of airline pioneer & @SouthwestAir founder Herb Kelleher, who passed away today. #HonoringHerbpic.twitter.com/ZrZjLYZF7P",OrlandoMagic,,,,,,,,,1,,,,1,,1,
2362,@british_airways looking for the door in the low cloud base. Love this shot with the ground light on the underside of the airframe and the heavens above #aviationdaily #aviationlovers #avgeek #aviation_lovers #instaaviation #britishairways #ba100 #aviation @heathrow_airport pic.twitter.com/c1eu3f3ptO,jetjunkieslive,,,,,,,1,,,,1,,,1,,
2363,"Ok, I must take a moment to celebrate this...LOOK! Awwwww, yeah, first one on the plane! @SouthwestAir pic.twitter.com/mw2555CR03",Nnedi,üï∫üèæ,,,,,,,,1,,,,1,1,,
2364,@AmericanAir since this supervisor hung up on me I‚Äôm now calling back and in the back of the queue.,ManSplainThs,,,,,,1,,,,,,1,,,1,
2365,"Ok, set for a flight 24 hours after original (all delays due to mechanical issues). Why don‚Äôt we have seat assignments? Are you seriously sticking us in middle seats after that ordeal? Come on!",oysterjake,,,,,,,,1,,,,1,,,1,
2366,"Hello, they have closed my case and denied my claim. They have also hung up on me twice when I called for a resolution. Please advise.",CSBarre,,,,,,1,,,,1,,,,,1,
2367,"@AirAsiaSupport Hi! Need your advice. If my baggage allowance is 25 kilos, how many bags can i check in? Can it be 2 12 kilos? And if 30, can it be 2 15 kilos? Hope you can let me know. Thanks!",highteaatkepler,,1,,,,,,,,1,,,,,,1
2368,We‚Äôll miss you tonight. Bringing my baby girl in for her birthday dinner. She requested @fahrenheitCLT!,ColinCole91,,,,,,,,,1,,,,1,1,,
2369,@SouthwestAir why can we not get an ‚Äúon time‚Äù fight ever?? It‚Äôs always something!,TheDavidAlanCox,,,,1,,,,,,1,,,,,,1
2370,@SouthwestAir? More like Southworst. Flight delayed - flight cancelled - flight rebooked - flight cancelled - no flights offered. Horrible #customerservice. Ended up needing to rent a car to drive 6 hrs home. #kbye #SouthwestAirlines,MagicLauren_,,,1,,,,,,,,,1,,,1,
2371,We‚Äôre sorry for any difficulties that you‚Äôve experienced. You can submit a complaint with more details at:http://bit.ly/1OfLGg6,AskTSA,,,,,,,,,1,,,,1,,1,
2372,We still have not left the gate. 5.5 hours delayed and counting... @AmericanAir,maureentmcc,,,1,,,,,,,,,1,,,1,
2373,I've never had an issue getting boarding passes in the past. Your staff were at the desk but weren't interested in helping.,stevemac40,,,,,,1,,,,,,1,,,1,
2374,"For the record, the @Delta app says it was loaded on my flight from MSP to FAR.",wolff093,,,,,,,,,1,,,,1,,,1
2375,". @British_Airways is boarding flights of almost 240 customers in just 10 minutes, using new #biometric boarding and exit checks at @MCO Airport. Watch this video to find out more. http:// bit.ly/2E9DsHp pic.twitter.com/qud5wcWUn3",MarcoPici,,1,,,,,,,,,,,1,,,1
2376,Delta doesn't fly any 737 Max planes.https://www.barrons.com/articles/airlines-boeing-737-max-8-51552417862 ‚Ä¶,BenD963,,,,,,,,,1,,,,1,,,1
2377,I sure hope I can fly to KC tomorrow from Nashville. I have @Chiefs playoff tickets and would hate to have my flight cancelled.,blanehoward,,,,,,,,,1,,,,1,,,1
2378,Lisa + @British_Airways I‚Äôm still waiting for your response. Please can you get back to me?,jonathanfwells,,,,,,,,,1,1,,,,,,1
2379,"""Oh shit"" pic.twitter.com/thb7eQpXET",bigcatspencer,,,,,,,,,1,,,,1,,1,
2380,"@united, you need to bring live tv to your planes like @SouthwestAir. Missing the @HoustonRockets game here.",Zeeshan_Virani,,,,,,,1,,,1,,,,,,1
2381,Hope you‚Äôll hold delta 3856 for me since I‚Äôm still on my first flight.,MarkJetzer,,,1,,,,,,,1,,,,,,1
2382,"You don‚Äôt believe him, knowing nothing, but the captain assaulting him is fine. Got it.",Deb_McD,,,,,,,,,1,,,,1,,1,
2383,Ground the planes @SouthwestAir,sbnanci,,,,,,,,,1,,,,1,,,1
2384,@Delta really screwed me out of an entire day,Jared_Gentry,,,,,,,,,1,,,1,,,1,
2385,"@thepointsguy international travel question: if you had to fly basic economy & the price difference was minimal, would you fly @Delta or @AmericanAir?!",whatthekheck,,,,,,,,,1,1,,,,,,1
2386,"Hello, there is your unroll: Thread by @LeonHWolf: ""Wanna give a shout out to @AmericanAir for not requiring the guy who sat next to me on my last flight to purchase two ti [‚Ä¶]"" https://threadreaderapp.com/thread/1104206585004470272.html ‚Ä¶ Enjoy :)",threadreaderapp,ü§ñ,,,,,,,1,,,,1,,,1,
2387,"Why when changing the time, I am offered to book a seat for an additional fee! How can I refuse if I don't want to overpay?!",ij5rYyu9Vr1fGYE,,,,1,,,,,,1,,,,,,1
2388,"Man I was really hoping that the #GovernmentShutdown would end before I have to get on 4 @SouthwestAir planes this week, but I guess I'm just going to be flying on planes that no one's inspected in a month. Great. This makes me feel super safe.",alexis_writes1,,,,,,,1,,,,,1,,,1,
2389,"@southwestair we desperately need your help. We sat on hold for two hours for our call to be disconnected. We are on hold again, for 100 minutes... We need to rebook our cancelled flight and fear it will no longer be available by the time we get you. We cant afford $600 more!",dannacperry,,,,1,,,,,,1,,,,,1,
2390,"Shame on you @SouthwestAir We fly you more than 50 flights a year and have come to trust you, but not being extra cautious here causes to lose faith in you",pbaker,,,,,,,1,,,,,1,,,1,
2391,@AmericanAir HI ?! Can you provide any insight into why this is happening ????? pic.twitter.com/Moy2TNMcfX,thingofgold,,,,,,,,,1,1,,,,,,1
2392,"When @SouthwestAir gate attendant demands that new boarding passes be printed post multiple gate changes, the already delayed crowd riots & he is overturned. pic.twitter.com/hrL1axsJSJ",AlexandraDFro,,1,,,,,,,,,,,1,,1,
2393,"@AmericanAir you guys destroyed my travel plans because you overbooked your plane and I got booted - boarding pass in hand. Long time loyal customer with status, and customer service was horrible and unhelpful. Couldn‚Äôt even get a ‚Äúsorry‚Äù from anyone. What gives?",chadporche,,,,,,,,1,,,,1,,,1,
2394,"@Delta I don‚Äôt understand,why fill an entire plane when you know you‚Äôre going to have to de-ice and turn the plane http://off.Do you guys like sitting in unbearably hot spaces for hours at a time. Be better to your customers. All about making that money, right?garbage",dimedroppper4,,,,,,,1,,,,,1,,,1,
2395,"@British_Airways Hello, I locked my reservation due to I introduce wrongly the reservation details several times. could you help me please ? I flight in less than 12 hours.",enjutorpe,,,,1,,,,,,1,,,,,,1
2396,"Let me guess, @SouthwestAir is going to raise the cost of flights to mitigate risk",LdTrader3,,,,1,,,,,,,,,1,,1,
2397,@British_Airways ahh we are in France beefing to change our flights and I have been on hold/trying to get through for over 90 minutes now. Not great when trying to manage a poorly child too,domsimpson,,,,1,,,,,,1,,,,,1,
2398,One-day turnaround flight for a meeting near DFW this week. I HAVE to fly on an airline that's not @SouthwestAir and I'm pretty bummed about it.,danlovejoy,,,,,,,,,1,,,,1,,1,
2399,Worst internet service ever @AmericanAir . Nothing like paying $19 and constantly getting knocked off and unable to connect.,beccitweet,,,,,,,1,,,,,1,,,1,
2400,What do I say that‚Äôs not in common with what I do Milltimber Man?,Kennyaberdeen,,,,,,,,,1,,,,1,,,1
