,No,text,username,t_luggages,t_flight_delays,t_flight_bookings,t_club,t_customer_service,t_in-flight,t_seatings,f_enquiry,f_compliment,f_complaint,f_info,s_positive,s_negative,s_neutral,emoji
0,561,@AirAsiaSupport Hi raised an case 09154448 for refund against booking number DVMW4U. Please do the needful.,soumensom,,,1.0,,,,,,,,,,,1.0,
1,562,What better way to get ready for a flight than a glass of champagne at the #ConcordeRoom at T5 and a #RolandPiano to play on! Thank you @British_Airways pic.twitter.com/yyQSC6KEBk,panoskaran,,,,,1.0,,,,1.0,,,1.0,,,
2,563,Sorry - Kia what?......,GolddogAndrew,,,,,,,,,,,,,,,
3,564,should this become a @SouthwestAir stan account??,LaurenBreath,,,,,,,,,,,,,,,
4,565,No problem. Probably just one of those nights for them. I understand but geesh.,cosommc,,,,,,,,,,,,,,,
5,566,Never fly with American Airlines!!! My bag was lost for 4 days and things are missing from it. Ya√¢‚Ç¨‚Ñ¢ll getting my claim and I expect every penny back. @AmericanAir,dopest_fatii56,1.0,,,,,,,,,1.0,,,1.0,,
6,567,"The miles purchased with the Buy Miles program and received with the Gift Miles program do not count towards AAdvantage Gold, AAdvantage Platinum, AAdvantage Platinum Pro, AAdvantage Executive Platinum or AAdvantage Million MilerSM status qualification",504jazzboy,,,,1.0,,,,,,,,,,,
7,568,Dear @AmericanAir why are flight from SFO to Jax on March 24th so high?? I'm trying to take my kids to see their great grandma and grandma.,NelsonAMccoy,,,1.0,,,,,,,1.0,,,1.0,,
8,569,You might want to let your staff know that.,kaputski91,,,,,,,,,,,,,,,
9,570,"For everyone who requests for me to come and speak, let it be known that I only fly @Delta. You can√¢‚Ç¨‚Ñ¢t swing that, going forward, I can√¢‚Ç¨‚Ñ¢t come. Be blessed.",sista_theology,,,,,,,,,1.0,,,1.0,,,
10,571,"@SouthwestAir I love ya, but then you leave back doors of the plane open and leave us all to freeze while people unload ?",ColleenDaly5,,,,,,1.0,,,,1.0,,,1.0,,
11,572,If you√¢‚Ç¨‚Ñ¢re referring to me I lost my mind about snow after 6 winters in upstate NY (and some family members would argue even earlier),HarmitMalik,,,,,,,,,,,,,,,
12,573,so says Chuck @SouthwestAir I love being judged by my gate agents,erinaliciamoore,,,,,,,,,,,,,,,üôÑ
13,574,"Nice work @Delta √¢‚Ç¨‚Äú Original take off to ORD was around 8:30am, and here we sit still at MSP, with the majority of the delay coming on the tarmac.",ericbjohnston,,1.0,,,,,,,,1.0,,,1.0,,
14,575,Seattle not used to snow lol,BokLooLangLLP,,,,,,,,,,,,,,,
15,576,This has been the worst night of travel I√¢‚Ç¨‚Ñ¢ve ever experienced in my life @AmericanAir,simply_hole,,,,,,,,,,1.0,,,1.0,,
16,577,Hey @SouthwestAir do you have anyone working the phones? Been holding for over 2 hours now just to find out if my flight next week has been affecting by the 737 MAX 8 groundings,InfamouslySlim,,,1.0,,,,,,,1.0,,,1.0,,
17,578,Do what they want haha,JamieMcAvoy12,,,,,,,,,,,,,,,
18,579,Amazing @AmericanAir the pilot just announced he still does not even know why we are 5 hours delayed. Crucial work trip and @Americanair ruins it with unexplained delays!!! #badcustomerservice #delaysfordays,mde0829,,1.0,,,,,,,,1.0,,,1.0,,
19,580,Good morning Sydney! sydney @australia @delta marriottbonvoy #skymileslife #deltaairlines #delta #deltamedallion #hydeparksydney #sydneyhydepark @Sheraton on the Park https://www.instagram.com/p/BuMsQW6AKkh/?utm_source=ig_twitter_share&igshid=xgjh1c4g3m56 √¢‚Ç¨¬¶,chris92009,,,,,,,,,,,,,,,
20,581,Thanks @bachiles! These smiling faces want to see me home! Thank you for your awesome customer service @Delta! pic.twitter.com/wn8khjYscf,porkdiariess,,,,,,,,,1.0,,,1.0,,,
21,582,Grabbing my @SouthwestAir flight to NYC and looking forward to seeing my #ediscovery props at #Legaltech19!,kellytwigger,,,,,,,,,,,,1.0,,,
22,583,Hope all went well John! Take care bud,ForzaErwin84,,,,,,,,,,,,,,,
23,584,#BREAKING | UPDATE: All @SouthwestAir flights are grounded at @BWI_Airport while they work out a computer connectivity issue:http://baltimore.cbslocal.com/2019/01/15/southwest-blames-power-outage-for-delays-at-bwi-airport/ √¢‚Ç¨¬¶,wjz,,1.0,,,,,,,,1.0,,,,,
24,585,Mohon follow up email saya.. Thankyoupic.twitter.com/eg9lCH7Nfs,halocil,,,,,,,,,,,,,,,
25,586,Happy March! This @AmericanAir system map from 1968 was the most popular map on @airlinemaps in February: http://airlinemaps.tumblr.com/post/183047448660/american-airlines-system-map-1968-the-american √¢‚Ç¨¬¶pic.twitter.com/JHhyTKUfL9,airlinemaps,,,,,,,,,,,,,,,
26,587,"Flying Southwest's dangerous fleet? ""Southwest -- which includes 34 737 MAX 8s in its fleet -- said in a statement it doesn't plan to change its operational policies or procedures and it remains confident in the safety of its entire fleet. @SouthwestAir #SouthwestAirlines @NTSBpic.twitter.com/m1KwMg5i9C",MarkCha93317842,,,,,,,,,,,1.0,,,,
27,588,Monday morns are the worst for flying,petertahoe,,,,,,,,,,,,,,,
28,589,Then have another plane ready to serve the customer as promised. For the amount of money you charge for tickets you should be able to deliver as promised. It's unacceptable.,kellyjandrews,,1.0,,,,,,,,1.0,,,1.0,,
29,590,"Had an incredibly uncomfortable experience flying at @Delta , please help me with making my connecting flight en route to home more comfortable!",undeadseid,,,1.0,,,,,,,1.0,,,1.0,,
30,591,Oh no what did they do now,christina_k24,,,,,,,,,,,,,,,
31,592,Deary me @qatarairways & @British_Airways .... https:// twitter.com/HCDream2012/st atus/1081902672112947201 √¢‚Ç¨¬¶,RichardDixon66,,,,,,,,,,,,,,,
32,593,"#airlinefails after an unexpected 12 hour delay between connecting flights, Her belongings showed up DESTROYED, and was then treated terribly by √¢‚Ç¨≈ìcustomer service√¢‚Ç¨¬ù DCA @SouthwestAir DO BETTER!! pic.twitter.com/fPD7NbWehW",TaraARhodes,1.0,1.0,,,1.0,,,,,1.0,,,1.0,,
33,594,@SouthwestAir I ruptured my Achilles while on vacation in San Diego and I have a flight back to Denver on Tuesday. Is there anything you guys can do to help me to get around each airport and get onboard? Any information is appreciated! Thanks!,CPM41,,,,,,,,1.0,,,,,,1.0,
34,595,Southwest is pretty much great at everything.,MOR_XU,,,,,,,,,1.0,,,1.0,,,‚úàÔ∏è
35,596,"Tonight, I really doubt that.",HannesCars,,,,,,,,,,,,,,,
36,597,And a glass of piss,DoucheBag1973,,,,,,,,,,,,,,,
37,598,More @SouthwestAir woes. https://twitter.com/boston25/status/1098379273314811904 √¢‚Ç¨¬¶,CalliopeCo,,,,,,,,,,,,,1.0,,‚úàÔ∏è
38,599,"@Delta I continually buy internet for flights, and then the wifi is down and it is so hard to get a refund. On my recent flight from NYC to DFW, internet was down BOTH ways and I would really love an easier way to get refunded.",DanielleMarom,,,1.0,,,,,,,1.0,,,1.0,,
39,600,"There is no golden state anymore, it's turned into turd brown!!! Call California the turd brown state!!!",Rgrm002000,,,,,,,,,,,,,,,
40,601,"Delayed 30 minutes for no reason, this airline has become a joke! @AmericanAir and better yet no one has any idea what√¢‚Ç¨‚Ñ¢s going on!",dlahurricane,,1.0,,,,,,,,1.0,,,1.0,,
41,602,"I deleted the old tweet and sent in a corrected one. Kind Regards, Kirk",KirkLoveland,,,,,,,,,,,,,,,
42,603,"@LASairport and @AmericanAir, it took 77 minutes to deliver my bags tonight from flight 589 from PHL. Nobody could help find them nor file a claim since they were somewhere at the airport. Who gets fired, and how much is our time worth to you?",dinedrinktravel,1.0,,,,,,,,,1.0,,,1.0,,
43,604,@AmericanAir AA2656 was supposed to leave CLT to DFW 23 mins ago. We√¢‚Ç¨‚Ñ¢ve been fully boarded for 30 mins. No announcement! What√¢‚Ç¨‚Ñ¢s up?,csjohnson72,,1.0,,,,,,,,1.0,,,1.0,,
44,605,Dear @AmericanAir I do not want to flight in a Boeing 737MAX 8,luzmadoria,,,,,,,,,,1.0,,,,1.0,üôè üôè
45,606,@SouthwestAir I believe I paid for early bird check in but I don√¢‚Ç¨‚Ñ¢t believe it worked. I still had to check into my flight. Can you help me with this?,MWick1,,,1.0,,,,,1.0,,,,,,1.0,
46,607,Excuse me?! That's a big ol' load of crap on a cracker!,tnastebbins99,,,,,,,,,,,,,,,
47,608,I mostly bring it up because it was conveyed to us that the same specific manager made both calls. I mean I assume there was a denied approval somewhere above them. But someone somewhere in the chain decided √¢‚Ç¨≈ìyeah fuck everyone on that flight.√¢‚Ç¨¬ù,NateCow,,,,,,,,,,1.0,,,1.0,,
48,609,"As we kick off a new fiscal year for the Chamber, please meet our 2019-2020 Chairman of the Board, Beth Harbin, Senior Communications Director @SouthwestAir! https://m.facebook.com/northdallaschamber/?_ft_=mf_story_key.1996150897104718%3Atop_level_post_id.1996150897104718%3Atl_objid.1996150897104718%3Acontent_owner_id_new.317203728332785%3Athrowback_story_fbid.1996150897104718%3Apage_id.317203728332785%3Aphoto_id.1996150640438077%3Astory_location.4%3Astory_attachment_style.photo%3Apage_insights.%7B%22317203728332785%22%3A%7B%22role%22%3A1%2C%22page_id%22%3A317203728332785%2C%22post_context%22%3A%7B%22story_fbid%22%3A1996150897104718%2C%22publish_time%22%3A1549293740%2C%22story_name%22%3A%22EntStatusCreationStory%22%2C%22object_fbtype%22%3A266%7D%2C%22actor_id%22%3A317203728332785%2C%22psn%22%3A%22EntStatusCreationStory%22%2C%22sl%22%3A4%2C%22dm%22%3A%7B%22isShare%22%3A0%2C%22originalPostOwnerID%22%3A0%7D%2C%22targets%22%3A%5B%7B%22page_id%22%3A317203728332785%2C%22actor_id%22%3A317203728332785%2C%22role%22%3A1%2C%22post_id%22%3A1996150897104718%2C%22share_id%22%3A0%7D%5D%7D%2C%226806028948%22%3A%7B%22page_id%22%3A6806028948%2C%22role%22%3A16%2C%22actor_id%22%3A317203728332785%2C%22psn%22%3A%22EntStatusCreationStory%22%2C%22sl%22%3A4%2C%22dm%22%3A%7B%22isShare%22%3A0%2C%22originalPostOwnerID%22%3A0%7D%7D%7D&__tn__=C-R √¢‚Ç¨¬¶",NDCC,,,,,,,,,,,,,,,
49,610,So if I change to a 6.25 pm flight and if flight is rescheduled and I miss my connecting flight from KL to Fukuoka Airasis will put me on Flat Bed class on next flight without charge? Means I must have at least 3 hrs connecting time to qualify for this? 'Please confirm,KhooKahLeong1,,1.0,,,,,,1.0,,,,,,1.0,
50,611,"Did you shed a tear as she landed, Dave?",plutusa,,,,,,,,,,,,,,,
51,612,Bringing in the New Year the best way I know how...with a flight back to San Francisco with @southwestair #selfie #flight #southwestairlines #airportselfie #travel #atlairport #atltosfo√¢‚Ç¨¬¶ https://www.instagram.com/p/BsLzK5ZhZkU/?utm_source=ig_twitter_share&igshid=s5yn0wlt4mdo √¢‚Ç¨¬¶,FreedomReigns2,,,,,,,,,,,,1.0,,,‚úàÔ∏è
52,613,Thank you @Delta and @PCski for a quick 36 hour refresh. Snow was great and flights were seamless. Nothing easier than this kind of trip to clear the mind and reset the soul. #livingthedream #livetoskiprod #whynotpic.twitter.com/m1aJh2rZ2M,Livetoskiprod,,,,,,,,,1.0,,,1.0,,,
53,614,Flight delays really bring out the worst in middle aged white men... Thanks for all the friendly hospitality (as always) @SouthwestAir!,adanes13,,1.0,,,,,,,1.0,,,1.0,,,üò¨ üòÇ
54,615,"@AmericanAir at PHL flying to MSP with stopover at ORD. Is it really true that I can√¢‚Ç¨‚Ñ¢t just take direct flight that leaves 20ish minutes later? Would make my life tons easier tonight, returning to the cold.",lloyd4wi,,,,,,,,1.0,,,,,,1.0,
55,616,@SouthwestAir flew GEG to LAS Jan 31 flight 104. Left iPad on plane. Called southwest filled out online Lst and found. Called Airport. NOTHING! No response! Bad Costumer Relations. I am diamond medallion on @Delta. When this happened with them they called in 5 min. @legalmann,rabfel,,,,,,,,1.0,,1.0,,,1.0,,
56,617,"Thanks for the shout-out, @AmericanAir We know that orange stripe in your tail is there for a reason. #1DFWhttps://twitter.com/AmericanAir/status/1085945858967904256 √¢‚Ç¨¬¶",caseynorton72,,,,,,,,,1.0,,,,,,
57,618,Dream of a prize #EEBAFTAs√¢¬Å¬† √¢¬Å¬†,FlyfreEllie,,,,,,,,,,,,,,,
58,619,Finally made it home at 2:45AM!,sking58,,,,,,,,,,,,,,,üò¥
59,620,"Guaranteed redundant and inefficient cushy government jobs need to be cut. The Federal government was never supposed to get as big as it is now. All they do is keep adding to the overhead with useless programs... Yes, some are needed, but the majority is waste!",JohnJay_01,,,,,,,,,,,,,,,
60,621,Fantastic photos,lifelimitedpart,,,,,,,,,,,,,,,
61,622,We were fortunate that @Arizonamusicpro will repair it and they helped us rent and instrument for my daughter to perform while we wait for her tenor saxophone.,multigasmgeek,,,,,,,,,,,,,,,üé∑
62,623,Terrible speed results in the @British_Airways lounge in Stuttgart Airport!! http://www. dslreports.com/speedtest/4421 2623 √¢‚Ç¨¬¶,bugmancx,,,,,,,,,,1.0,,,1.0,,
63,624,Grand Canyon. Majestic. @AmericanAir pic.twitter.com/8YYN1gQGNP,dgarmstrong,,,,,,,,,,,,1.0,,,
64,625,"oh my, I flew on this aircraft in 2017 PHL > FLL",itsd_igital,,,,,,,,,,,,,,,
65,626,Flying this route on Wednesday morning. Can√¢‚Ç¨‚Ñ¢t wait,Ops_officer,,,,,,,,,,,,,,,üëçüèº
66,627,The problem is the misinformation and broken promises and putting a minor child on a different international flight.,MariaVBriggs,,,,,,,,,,,,,,,
67,628,Even better - they took off without permission and had to turn right back around after declaring an in flight emergency!,maddievidman,,,,,,,,,,,,,,,
68,629,@AmericanAir puts profit over safety. Don't forget that! #Ground737Max,MikeSmi30221998,,,,,,,,,,1.0,,,1.0,,
69,630,Next stop Hong Kong pic.twitter.com/8V6zY1edeG,saskatchewan578,,,,,,,,,,,,,,,
70,631,"√¢‚Ç¨≈ìThis plane holds 150. There√¢‚Ç¨‚Ñ¢s 40 of you. Don√¢‚Ç¨‚Ñ¢t sit next to anyone. Seriously, turn around, the plane is empty. Don√¢‚Ç¨‚Ñ¢t sit next to anyone√¢‚Ç¨¬ù Thanks @SouthwestAir",mandacurrell,,,,,,1.0,,,,,,,,,
71,632,She is! And I even got a good boarding group! Score!,itsbrookeellen_,,,,,,,,,,,,1.0,,,
72,633,"So you're responsible for tonnes of co2 then. Not only do you spout copious amounts of inane hot air, but you have played a disproportionate role in boiling the planet. Just when I thought I couldn't dislike you any more....",CampR83,,,,,,,,,,,,,,,
73,634,There is something I like about Gary Oldman,Deedeecruella,,,,,,,,,,,,,,,
74,635,"@AmericanAir - You know when you have a terrible first date, she apologizes with a couple of nice texts, and then leaves you on ""read""?",GhostOfWoody,,,,,,,,,,1.0,,,1.0,,
75,636,@Delta thanks for the first class upgrade on my Birthday! I wouldn√¢‚Ç¨‚Ñ¢t mind a Porsche ride to my next gate in ATL if anyone is bored today?,MarkusRotenberg,,,,,,,,,1.0,,,1.0,,,
76,637,"@UnitedAirlines To the Male ticket agent in Indianapolis who insisted, manipulated and used scare tactics with higher prices at gate to check my carry on that was carried on in a small @AmericanAir plane on my flight out to indy, it was gate checked with a red tag",Jmass441,1.0,,,,,,,,,,,,,,
77,638,@SouthwestAir I have a msg saying flight cancelled but flight shows available. Are flights being canceled or not? What an inconvenience!,kadeatelier,,,,,,,,1.0,,,,,,,
78,639,"It√¢‚Ç¨‚Ñ¢s not too late! Get your applications in for our paid summer internship program, LEAP Emerge by MONDAY, March 4! Visit https://www.leap.org/leap-emerge for more info! Thank you to our sponsors @NissanUSA @SCE @Macys and @SouthwestAir ! pic.twitter.com/B547WcdvGp",LEAPgrowleaders,,,,,,,,,,,,,,,
79,640,"Probably TSA. They lifted a dozen pro v,'s out of my bag before.",jamo116,,,,,,,,,,,,,,,
80,641,Let√¢‚Ç¨‚Ñ¢s hope it√¢‚Ç¨‚Ñ¢s the last √¢‚Ç¨≈ì british√¢‚Ç¨¬ù airline.... Make way for an INDEPENDENT airline...Scottish too !!,malfanoflenny,,,,,,,,,,,,,,,
81,642,Thank you very much! I am also looking forward to flying with you as i have not been on a plane in 11 years!,naholliee,,,,,,,,,,,,,,,
82,643,The @British_Airways parent IAG drops takeover plan for the Nordic budget carrier @Fly_Norwegian . IAG announced that it wouldn't bid for Norwegian and sell its already-acquired stake in the company of nearly four percent. https:// bit.ly/2DAYPlz pic.twitter.com/hpmyNdqvQY,muhammad_fall,,,,,,,,,,,,,,,
83,644,OMG it was a 737 Max? THAT'S EMBARRASSING.,yayaanya,,,,,,,,,,,,,,,
84,645,"Now not only are they telling me there is nothing they can do, but also that if I don√¢‚Ç¨‚Ñ¢t board my flight to Peoria tomoro in California, they will also cancel my return flight from Peoria on Monday and I√¢‚Ç¨‚Ñ¢ll be out all the money I paid, this is unbelievable @AmericanAir #neveragainpic.twitter.com/MOOwvr8SBg",BradNachtrieb6,,,,,,,,,,1.0,,,1.0,,
85,646,Is it an overnight flight? If it is I√¢‚Ç¨‚Ñ¢ll do my best to write my review of the overnight PE experience before you fly so you have an even better idea of what to expect (I√¢‚Ç¨‚Ñ¢m trying it out later this month),Traveling4Miles,,,,,,,,,,,,,,,
86,647,"Additionally, to any of you booking or flying @united, @AmericanAir, or @SouthwestAir in the coming weeks, I'd check your aircraft prior to boarding, since none of the companies with the 757 Max in their fleets have issued groundings either. https://www.cnn.com/2019/03/11/africa/max-8-operations-roundup-intl/index.html √¢‚Ç¨¬¶",kirbybourbon,,,1.0,,,,,,,,1.0,,,1.0,
87,648,Unfortunately I don√¢‚Ç¨‚Ñ¢t seem to be getting through to anyone. Sorry for posting that info.,natedogg4990,,,,,,,,,,,,,,,
88,649,American is always our last resort!!√¢‚Ç¨‚Ñ¢,deltalady1969,,,,,,,,,,,,,,,
89,650,Unless they have a skin condition and kick them off of a flight,raynman77,,,,,,,,,,,,,,,
90,651,Congratulations ms Miller,CoachDTSU,,,,,,,,,,,,,,,
91,652,100% agree with this. Only 2 airlines I fly if I can help it: never had an issue.,oMattyiceTV,,,,,,,,,,,,,,,
92,653,@SouthwestAir How do you use your SW Priority Card Benefit of upgraded boarding?,JJ_2,,,,,,,,1.0,,,,,,1.0,
93,654,@AmericanAir - GROUND THE MAX 8,thomashroberts,,,,,,,,,,,,,,,
94,655,"Unfortunately, Cuomo taints that entire city....",BrianTimothy16,,,,,,,,,,,,,,,
95,656,Please come to KOREA Bebe Korean Rexhars are waiting,REXHAR_korea,,,,,,,,,,,,,,,üá∞üá∑ üá∞üá∑ üá∞üá∑ üò≠ üò≠ üò≠ üò≠ üò≠ üíï üíï üíï
96,657,"@SouthwestAir I forgot to tell you. You are the BEST. And I just LUV flying with you, also you have some of the best employees.",meplus2diabetic,,,,,,,,,1.0,,,1.0,,,
97,658,@delta Gate attendants who announce √¢‚Ç¨≈ìNow boarding (whichever) passengers√¢‚Ç¨¬ù should add which gate they√¢‚Ç¨‚Ñ¢re referring to in crowded waiting/seating areas of airports. Thanks.,PeteTheRN,,,,,,,,,,,1.0,,,1.0,
98,659,Screw delta,DaveDeNike,,,,,,,,,,,,,1.0,,
99,660,"Late planes, missed connections and misinformation. If this sounds good to you book with @united. Never again! @SouthwestAir for me from now on.",ddaengdreamlife,,1.0,,,,,,,,1.0,,,1.0,,üõ´
100,661,Agree that their customer service is shocking but we flew with them last year and the flights were fine. We had some reservations before we went but can honestly say everything was ok.,TeamOSullivan1,,,,,,,,,,,,,,,
101,662,I knew it was going to be a bad day. But @AmericanAir has made this one of the most miserable@days of my life. My wife is literally in tears as we sit down on our third flight of the day after they cancelled our 1st class non-stop flight this morning. 1//2,jborys,,1.0,,,,,,,,1.0,,,1.0,,
102,663,@SouthwestAir what√¢‚Ç¨‚Ñ¢s up with the phone holds. Been on hold over 30 minutes. As AList customer almost always have very quick service,RBriesath,,,,,,,,,,1.0,,,1.0,,
103,664,"Still not resolved. They haven√¢‚Ç¨‚Ñ¢t responded to me for two weeks. I√¢‚Ç¨‚Ñ¢ve emailled @BBCWatchdog , suggest you do the same so we are listened to",lewischambers97,,,,,,,,,,,,,,,
104,665,"Here we are. We know that a lot of flights have been impacted today, and your airline is working to get everyone taken care of. We regret that we are not able to provide assistance with flight-related matters. Please, reach out for AA for any concerns.",DFWAirport,,,,,,,,,,,,,,,
105,666,what's happening to my favorite domestic airline @SouthwestAir ???,Joseph702Olivas,,,,,,,,,,,,,1.0,,
106,667,@SouthwestAir @AmericanAir @SenSchumer @SenKamalaHarris @SenWarren @SenSherrodBrown @SenFeinstein @SpeakerPelosi @senatemajldr Your constituents need you to act in the face of @Boeing and @FAANews blatant disregard to act to protect American travelers.https://twitter.com/maddowblog/status/1105635629994569729 √¢‚Ç¨¬¶,onesungirl,,,,,,,,,,,,,,,
107,668,Look at Flightradar24. Puts into perspective how safe flying is. I√¢‚Ç¨‚Ñ¢ve flown to New Zealand three times. Each time I was frightened than the last. Trouble is it√¢‚Ç¨‚Ñ¢s my favourite place on earth!,numptyonloose,,,,,,,,,,,,,,,
108,669,"Fair, but the average family with no clue about rewards programs probably isn't looking to go to LIR; Or if they are planning to go to that part of the country, they take the cheaper fare to SJO.",tmount,,,,,,,,,,,,,,,
109,670,$100? is bs,Mr1lovelivelife,,,,,,,,,,,,,,,
110,671,"Now if they could add the price of a bag and a seat to each ticket, that would be great. Until then, @SouthwestAir for me.",audaciousart,,,,,,,,,1.0,,,1.0,,,
111,672,What is? @British_Airways https:// twitter.com/British_Airway s/status/1089855668939558913 √¢‚Ç¨¬¶,howardcornwall,,,,,,,,,,,,,,,
112,673,@Delta don√¢‚Ç¨‚Ñ¢t mean to seem ungrateful but honestly if you want to thank a 47 year old man for flying on your planes so often not sure this is the way to do it pic.twitter.com/VXyuELa2f9,rwhanco,,,,,,,,,,1.0,,,1.0,,
113,674,:( this is appalling,jumpsuitpetaI,,,,,,,,,,,,,,,
114,675,What is wrong with your site? I am trying to book ticket but schedule wont appear. Kindly assist. This is very urgent.,FaithPaujik,,,1.0,,,,,1.0,,,,,1.0,,
115,676,"Let√¢‚Ç¨‚Ñ¢s hope so. I√¢‚Ç¨‚Ñ¢m a fan of BA and have been for a while but it√¢‚Ç¨‚Ñ¢s just seems that every time it√¢‚Ç¨‚Ñ¢s a struggle. I even asked for an upgrade on flight to Houston BA197 but no joy. Anyway, hopefully be fine and will stay with BA!!",keithiross74,,,,,,,,,,1.0,,,,1.0,
116,677,@AirAsiaSupport Hi√Ø¬º≈í I want to ask about my flight . I will arrive KUL√Ø¬ºÀÜMalaysia√Ø¬º‚Ä∞ about 4.30pm from thailand √Ø¬º≈íbut i have to depart again from KUL at 6.20pm to Labuan . Is it enough only 2 hours √Ø¬º≈∏,Weenab1a4,,,,,,,,1.0,,,,,,,
117,678,It√¢‚Ç¨‚Ñ¢s kinda cute,LolaJS,,,,,,,,,,,,,,,
118,679,So @SouthwestAir is offering one way flights from Hawaii to Oakland for $49. I can√¢‚Ç¨‚Ñ¢t wait for the Vegas routes to start!,easytyga,,,,,,,,,,,1.0,1.0,,,
119,680,"Just so I understand, if you select and are assigned a main cabin extra seat, that√¢‚Ç¨‚Ñ¢s not guaranteed and there is no notification or compensation for any changes?",KentHedtke,,,,,,,1.0,1.0,,,,,,1.0,
120,681,@SouthwestAir HUGE props to all crews in Dallas and to the flight attendants on flight #6914 (DAL to MSP). I√¢‚Ç¨‚Ñ¢m in a wheelchair and barely made our connecting flight. Thank you for making it seem like a breeze. #LuvSouthwest,tylermatjeka,,,,,,,,,1.0,,,1.0,,,üòâ ‚úàÔ∏è ‚ù§Ô∏è
121,682,Book a direct international flight out of NYC/ATL/Boston depending on where you√¢‚Ç¨‚Ñ¢re going and then book a southwest flight to get there! That√¢‚Ç¨‚Ñ¢s what I do! Saves so much money.,AveryHarter,,,1.0,,,,,,,,,,,,
122,683,"Anything to distract from Bonvoy√¢‚Äû¬¢ is a good thing, right?",FakeBonvoyArne,,,,,,,,,,,,,,,
123,684,I don√¢‚Ç¨‚Ñ¢t mind a re-route but I√¢‚Ç¨‚Ñ¢d really prefer to arrive today,sfamueller,,,,,,,,,,,,,,,
124,685,@SouthwestAir why does your site say we took off an hour ago when we√¢‚Ç¨‚Ñ¢re sitting on the tarmac? Flight 547,Joun04715460,,1.0,,,,,,,,1.0,,,1.0,,
125,686,"FaceTime, not the same as the wonderful baby smell",USCLawProBono,,,,,,,,,,,,,,,
126,687,I #love to fly with @southwestair #me and our bags #fly for #free #orderingdrinks #sundayfunday #pretty #girl #SouthwestHeart #baby #travel #live #life #explore #new #places https://www.instagram.com/p/BslSnuqAwqP/?utm_source=ig_twitter_share&igshid=kuf4os77qtqc √¢‚Ç¨¬¶,Mselite25,,,,,,,,,1.0,,,1.0,,,üôåüèº ‚ù§Ô∏è üíõ üíô
127,688,"I bet the napkin wasn√¢‚Ç¨‚Ñ¢t recycled paper, and wasn√¢‚Ç¨‚Ñ¢t printed with soy based ink. Now I√¢‚Ç¨‚Ñ¢m gonna get even more fake-angry!",Cruzino1,,,,,,,,,,,,,,,
128,689,Congratulations @British_Airways from #BA0081 to #BA100 British Airways - Made by Britain Advert https:// youtu.be/O2w2bCMhc9k via @YouTube,Gilly_Bruce,,,,,,,,,,,,,,,
129,690,"@AmericanAir What the heck is happening with AA 2489 (DFW-MCO) and AA 2489 (MCO-DFW)??? Three delays and, natural to American, no explanation. What is the deal?",Alan_Fowler,,1.0,,,,,,,,1.0,,,1.0,,
130,691,Looking forward to releasing my instrument airline review on @SouthwestAir Soon of many airline reviews in 2019 :-) #ClassicalMusic,ericmrugala,,,,,,,,,1.0,,,1.0,,,
131,692,He's having an absolute laugh!,KateStewart22,,,,,,,,,,,,,,,üòÇ
132,693,How do we check on @SouthwestAir if our flight is a Boeing 737 max 8?,JalynneC35,,,1.0,,,,,1.0,,,,,,1.0,
133,694,"What√¢‚Ç¨‚Ñ¢s up with the flight from #Columbus to #Miami @AmericanAir - my wife has been sitting on a plane for 2 hrs & is going to miss the first leg of cruise. Excuse after excuse being given, including √¢‚Ç¨≈ìThe President is in south FLA,√¢‚Ç¨¬ù fuel, and weather. 9:52am departure? #delay",spencergiblin,,1.0,,,,,,,,1.0,,,1.0,,
134,695,Even got that boarding Group C! STOKED for that middle seatpic.twitter.com/TgU3Ga5CF6,arosembert,,,,,,,,,,,,,,,üëåüèΩ
135,696,Jelly.... but have fun!,___AlmaNo,,,,,,,,,,,,,,,
136,697,Thanks but up to now still haven√¢‚Ç¨‚Ñ¢t received any mail....yet....,Enghsiung,,,,,,,,,,,,,,,
137,698,amazing xx,themissusP,,,,,,,,,,,,,,,
138,699,That√¢‚Ç¨‚Ñ¢s not correct. All passengers we boarded and we still sat on the runway for an hour. Although some time was made up in the air the late arrival caused later baggage claim and an extremely late arrival home. But I will just write your cs team with my concerns.,AKAlady08,1.0,1.0,,,,,,,,1.0,,,1.0,,
139,700,Looks similar to that Heathrow big bird,petrolheaddek,,,,,,,,,,,,,,,
140,901,I did send a DM,lukewb88,,,,,,,,,,,,,,,
141,902,Almost two years later @AmericanAir still hasn't addressed this..... https://thepointsguy.com/2017/04/avoid-americans-oldest-planes/amp/?__twitter_impression=true √¢‚Ç¨¬¶,DonaldCClarkJr,,,,,,,,,,1.0,,,1.0,,
142,903,"@Delta if you're going to have tight layovers your planes have to be on-time, man. I'm so tired of sprinting through airports trying to make your flights. I'M WINDED",EAllard24,,,1.0,,,,,,,1.0,,,1.0,,üò©
143,904,@LASairport @SouthwestAir terminal is always set to 99999√Ç¬∞F,jhaynes428,,,,,,,,,,,,,,,üî• üî• üî•
144,905,Ground these planes!!! @SouthwestAir @AmericanAir or we will boycott you! #737MAX #Boycotthttps://twitter.com/javimorgado/status/1105766895662309376 √¢‚Ç¨¬¶,msnadiarahman,,,,,,,,,,,,,,,
145,906,Capt. Barton helping C2 @TLSHawks reach new heights with @SouthwestAir Adopt-A-Pilot Program! #PVProud #TeamHawkpic.twitter.com/gmLgYUhBWy,MrsBettertonTLS,,,,,,,,,,,,,,,üõ´
146,907,@Delta just wondering if I could get a complimentary upgrade on my flight to Zurich. Testing out my Chinese New Years luck. #Yearofthepig,denissemrojas,,,,,,,,1.0,,,,,,1.0,
147,908,"We think a retro A319 is on the cards, Henry. Livery to be confirmed. This would be another great BEA option! #BA100 pic.twitter.com/8e50v2JwcL",MaxK_J,,,,,,,,,,,,,,,
148,909,"Totally unprofessional, @AmericanAir apparently thinks piloting is a joke! Operating an aircraft in order to outline male genitalia... until this issue is erectified, I, along with @brennansmith11, will no longer be having our employees conduct any more business with your airlinehttps://twitter.com/tfahrion/status/1086454801989136386 √¢‚Ç¨¬¶",TheRealKunuk,,,,,,,,,,1.0,,,1.0,,
149,910,My #delta flight has a transgender flight attendant today. @Delta rocks!! #LGBTQ Happy international day of ALL women!,luuluubean,,,,,,,,,1.0,,,1.0,,,üè≥Ô∏è‚Äçüåà üè≥Ô∏è‚Äçüåà üè≥Ô∏è‚Äçüåà
150,911,"Safe flight, have a great time!",GeorgeCasillas4,,,,,,,,,,,,,,,
151,912,Waiting for @AmericanAir #shamehttps://twitter.com/nytnational/status/1105802963296182272 √¢‚Ç¨¬¶,ArmandoCorrea,,,,,,,,,,,,,,,
152,913,Wish I was going somewhere like this post reads but instead I√¢‚Ç¨‚Ñ¢m stuck in airport with no help from AA hoping to get home to my sick wife ASAP,sozoskate,,,,,,,,,,1.0,,,1.0,,
153,914,Thank you @SouthwestAir for going above and beyond to get me home tonight to my son who just had a seizure and my wife who is pregnant. No questions asked. Thank you.,andymcentire,,,,,1.0,,,,1.0,,,1.0,,,
154,915,Why have you increased so sharply European fares recently?? For ages I was flying every summer to Athens with BA. This year prices were almost tripled.,IoannisBournaki,,,,,,,,,,1.0,,,1.0,,
155,916,@AmericanAir are you even trying to be the most on-time airline? #alwaysdelayed #delayedagain,Bfryd1031,,1.0,,,,,,,,1.0,,,1.0,,
156,917,i love code share flights as i love watching how blame can be passed on each other and eventually no one will own up...its fun to watch this game on twitter but never use codeshare flights myself,Salt_Water_Croc,,,,,,,,,,,,,,,ü§£ ü§£
157,918,"We were told they were waiting for the next flight crew. We are over an hour late boarding. Nothing we can do but this is not okay.. Very, very disappointed.",c771456,,,,,,,,,,,,,,,
158,919,Always book direct. Much easier if you have to change your flights.,snickford,,,,,,,,,,,,,,,
159,920,Not so much for me. My flight down is sold Out,HockeyFanInSyr,,,,,,,,,,,,,,,üòÆ
160,921,"@SouthwestAir Your seating policy is first come, first served based on priority and number. So why do you not have a √¢‚Ç¨≈ìno saving seats√¢‚Ç¨¬ù policy? It completely diminishes the value of paying for a better priority.",ricklarsonjr,,,,,,,1.0,,,1.0,,,1.0,,
161,922,"When you fly a lot, you need flexibility, with or without a cheaper ticket. Your full fare pricing is flexible but not competitive. I√¢‚Ç¨‚Ñ¢ll use Alaska for my West Coast travel and give my SW points to charity",petegreenland,,,,,,,,,,1.0,,,1.0,,
162,923,*so where's the photo*pic.twitter.com/Gu40wXE0a2,athulkrishna324,,,,,,,,,,,,,,,
163,924,"When @SouthwestAir cancels your flight with an A boarding so you rebook and get a C boarding, parents first time flyers and now won√¢‚Ç¨‚Ñ¢t go because they may not get to sit together :(",pumpkin2princes,,1.0,,,,,,,,1.0,,,1.0,,
164,925,@Flygirlmom omg...I watched the video that was top news for Bing. I hope I catch a flight with you next time on SW. Not only funny but your a Dallas Cowboys fan (lanyard). @SouthwestAir give this woman a raise! She is outstanding! Perfect example and representation of SW.,Sh3D3vil1,,,,,1.0,,,,1.0,,,1.0,,,
165,926,"Great news for passengers, as @KLM, @AirFrance, @Delta, and @VirginAtlantic expand their codeshare offering! Congratulations! https://europeantransit.wordpress.com/2019/03/04/aviation-virgin-klm-air-france-launch-codeshare/ √¢‚Ç¨¬¶pic.twitter.com/Q1G6KKx78A",OfficialGMoore,,,,,,,,,,,,,,,
166,927,yes they may be safe but why take that chance imho.,regipf,,,,,,,,,,,,,,,
167,928,I had the same experience. On hold for an hour and then the call disconnected itself. I wouldn't need to call if your website was usable.,Andyfarrimond,,,,,,,,,,,,,,,
168,929,@AmericanAir you need 100000000 employees like Stacy Hines at @CLTAirport . Her attitude and sheer joy of life makes travel better! #givethatwomanaraise,LeighBrown,,,,,1.0,,,,1.0,,,1.0,,,
169,930,@AmericanAir any hotline to contact when I can√¢‚Ç¨‚Ñ¢t check in my CUN > JFK > LGW > AMS flight? The 800 433 7300 is not working,Pascal__M,,,1.0,,,,,1.0,,,,,,1.0,
170,931,What?! Sky Low-Priority is more like it. Hang in there.,MckennaMess,,,,,,,,,,,,,,,‚òπÔ∏è
171,932,It was a trip for my daughter bday N my son Donnie Can u upgrade there flight to first class on return it would mean a lot Kids were simply exhausted by take off,BigDizzyOC,,,,,,,,,,,,,,,
172,933,"It seems like @AmericanAir is keen on losing customers, they have raised the bar for Executive Platinum Status from 12k EQDs to 15k EQDs. I enjoyed the partnership with @AmericanAir but it√¢‚Ç¨‚Ñ¢s time to say goodbye. I don√¢‚Ç¨‚Ñ¢t feel valued anymore. pic.twitter.com/16hQODntmZ",mcaliari,,,,1.0,,,,,,1.0,,,1.0,,
173,934,"mid question and told √¢‚Ç¨≈ìflat packed√¢‚Ç¨¬ù. There was NO MENTION of a delivery service. Not by your own customer services, not in ANY of your emails and AT NO POINT was I told there needed to be a clear room. LISTEN TO THE CALLS!!!",HannahTristram,,,,,,,,,,,,,,,
174,935,I hope @APFAunity doesn√¢‚Ç¨‚Ñ¢t support this! Such a shame this happens in 2019!,ghudson911,,,,,,,,,,,,,,,
175,936,Listening to @flybe staff threatening dozens of passengers they won√¢‚Ç¨‚Ñ¢t take them on the flight - way to go service. @British_Airways or @Eurostar next time.,Princemischief,,,,,1.0,,,,,1.0,,,1.0,,
176,937,"@AmericanAir Hey AA, are there any workers coming in today at BWIA?",TWill876,,,,,,,,,,,,,,,
177,938,Great job but pilots spend hours and hours training exactly for this.,PETERADAMSCHER,,,,,,,,,,,,,,,
178,939,Hello - that√¢‚Ç¨‚Ñ¢s my first leg but my flight from Miami to London is British airways.,Debalobo,,,,,,,,,,,,,,,
179,940,"Give 'em hell, Trish!",mike_zellhart,,,,,,,,,,,,,,,
180,941,Left out Above the Rimpic.twitter.com/u874ykJOhD,pjimenez109,,,,,,,,,,,,,,,
181,942,"Little ice on the window coming into Phoenix, thanks @SouthwestAir for an incredible flight, fairly new plane but, wifi was not working all in all good trip pic.twitter.com/IltJZAJhdc",kmowen343,,,,,,,,,1.0,,,1.0,,,
182,943,@Delta missing baggage√¢‚Ç¨‚Ñ¢s from a one hour flight. Our trip landed us in Des Moines but our bags In Detroit (for two days!). Horrible customer service Delta.,d_gisi,1.0,,,,,,,,,1.0,,,1.0,,
183,944,Yes. 1 human and 1 inflatable,Slymmcredible,,,,,,,,,,,,,,,
184,945,I√¢‚Ç¨‚Ñ¢ll walk if I have to.,M_Menashe_23,,,,,,,,,,,,,,,
185,946,. @SouthwestAir - should we be refreshing the home page hourly! #SMF to #OGG #Mauiboundhttps://twitter.com/derekkcra/status/1102759473217585152 √¢‚Ç¨¬¶,richardcostigan,,,,,,,,,,,,,,,
186,947,"Okay, this was SERIOUSLY creepy..... @Delta really? https://twitter.com/NBCNews/status/1093545690251382785 √¢‚Ç¨¬¶",JEFSantaMonica,,,,,,,,,,,,,1.0,,
187,948,The new @LGAairport is pretty dope - makes the dirtier parts of it look clean - I guess I can wait for this construction aspect now! But @AmericanAir stop delaying all your flights! :(,montyislive,,1.0,,,,,,,,,,,1.0,,
188,949,What is the status?,star9girl9,,,,,,,,,,,,,,,
189,950,Is this seriously even a question?,CaughtLookin,,,,,,,,,,,,,,,
190,951,Have a safe flight and a great (f......s even ? ) time in London. Some of us will be there on Thursday at the Palladium and the others will be expecting a full report from them .,TeamJB_Intl,,,,,,,,,,,,,,,üòÇ üòä üòÑ
191,952,They didn√¢‚Ç¨‚Ñ¢t offer! Will have to push for it now as it√¢‚Ç¨‚Ñ¢s clear they√¢‚Ç¨‚Ñ¢ve lost it,ArnGreen,,,,,,,,,,,,,,,
192,953,Jerron at gate E9 @fly2ohare @Delta thank you for terrific customer service! DL 3590 to JFK!,mch33,,,,,1.0,,,,1.0,,,1.0,,,
193,954,Yesterday the inaugural @Delta Air Lines flight took off from LaGuardia to Dallas/Fort Worth. A great achievement for all the workers at @BBD_Aircraft who built the @Airbus #A220 wings in #NorthernIreland.https://eu.usatoday.com/story/travel/flights/todayinthesky/2019/02/07/delta-air-lines-airbus-a-220-flights-have-begun/2799420002/ √¢‚Ç¨¬¶,InvestNI_USA,,,,,,,,,,,,,,,
194,955,Thats so cool! How about the headrest what ways can it be adjusted?,skibo75,,,,,,,,,,,,,,,üôÇ
195,956,At what point can I get my money back and go home? Losing faith that I will make my connection and get where I need to be when I need to be there.,WarDamn18,,,,,,,,,,,,,,,
196,957,"Since @AmericanAir air won√¢‚Ç¨‚Ñ¢t answer, which DFW terminals have full customer service desks INSIDE security? Sister missed connection due to maintenance issues. Went to gate for next flight to McAllen, gate agents won√¢‚Ç¨‚Ñ¢t help.",RedArmyHooligan,,,1.0,,,,,,,1.0,,,1.0,,
197,958,Hey @AmericanAir just another reminder that I hate you.,PaulTashian,,,,,,,,,,,,,1.0,,
198,959,That sounds very @SouthwestAir √¢‚Ç¨Àúish to me.,fdelgado101,,,,,,,,,,,,,,,
199,960,@SouthwestAir no response?! Y√¢‚Ç¨‚Ñ¢all are a joke,reymesa11,,,,,,,,,,1.0,,,1.0,,
200,961,Not looking too promising at this point. Wish some of those United and Lufthansa flights counted on this stat.,whatsinside,,,,,,,,,,,,,,,
201,962,@AmericanAir will never get money from me again. BYE,gingerspice417,,,,,,,,,,1.0,,,1.0,,
202,963,You should have enough money for first class,EJLennon_,,,,,,,,,,,,,,,
203,964,"She says she'll bring me treats and toys, but I also heard her say she was buying me a sweatshirt. :/",sirtibblesdog,,,,,,,,,,,,,,,
204,965,@Delta no sky club with the platinum card and premium seats #fail competitors at least offer 2 passes with the card,amykitching78,,,,1.0,,,,,,1.0,,,1.0,,
205,966,@SouthwestAir your my number one airline. But how are you dealing with the issues related to the @BoeingAirplanes 737 Max 8? This is SERIOUS. #737MAX8 #Boeing737Max #deadly,vickeryandco,,,,,,,,,,,,,,,
206,967,"Appreciate reply, same as on call to @Delta UAM booking 800-325-8847. It makes no sense that @delta considers 14yo UAM, while rest world is 12yo UAM. @KoreanAir_KE is a trusted codeshare partner and 12yo is their age. But I can't book your new direct MSP - ICN to HAN? No sense!",dougmaltby,,,,,,,,,,,,,,,
207,968,"ok, thks",mbobone,,,,,,,,,,,,,,,
208,969,Enjoy your excellent adventure and be sure to write!,dnichls,,,,,,,,,,,,,,,
209,970,"Brittany, I√¢‚Ç¨‚Ñ¢m so sorry you had to experience a bitch it was not right of her putting gum in your hair I hope you were able to get it out without cutting it I would definitely pursue this with Delta I√¢‚Ç¨‚Ñ¢m sure they know who this lady is by the seat she was sitting in don√¢‚Ç¨‚Ñ¢t drop it",LopezMagdan1,,,,,,,,,,,,,,,
210,971,. @SouthwestAir...is that you finally flying to Hawaii? Been watching and waiting ever since you said you would. pic.twitter.com/kCX99SfOxY,iAMandreamagee,,,,,,,,1.0,,,,,,1.0,
211,972,I√¢‚Ç¨‚Ñ¢m with you in the twilight zone of travel. √¢‚Ç¨≈ìBroken√¢‚Ç¨¬ù planes and lack of customer service is unacceptable.,lcm93410,,,,,,,,,,,,,,,
212,973,"Hey calm down! American Air is doing their best to tell people to etadik, and to have a shitty day!",CCosaint,,,,,,,,,,,,,,,
213,974,"@SouthwestAir I know you√¢‚Ç¨‚Ñ¢re swamped right now, but some feedback would be helpful.",whitless410,,,,,,,,,,1.0,,,1.0,,
214,975,Okay. Will do. Thanks,ticfever,,,,,,,,,,,,,,,
215,976,"This livery screams quality, class, professionalism, and most importantly, Safe. The current one is dated and sends no message whatsoever.",SteveBurns1154,,,,,,,,,,,,,,,
216,977,"btw I had a great experience #flying with @Delta BNA to LGA on Tuesday. Thanks, #Delta!!",Jessica53069022,,,,,1.0,,,,1.0,,,1.0,,,
217,978,"@Delta I wouldn√¢‚Ç¨‚Ñ¢t be doing this if your customer service was helpful, but for two days I√¢‚Ç¨‚Ñ¢ve been placed on a plane that√¢‚Ç¨‚Ñ¢s had fuel gauge issues and you don√¢‚Ç¨‚Ñ¢t think it√¢‚Ç¨‚Ñ¢s time for me to switch a plane? A four day trip and three night hotel lost. Just got re directed nowhere close.",DivinaACasas,,1.0,,,,,,,,1.0,,,1.0,,
218,979,@SouthwestAir the poor service in Denver was a thing of exquisite disgust. To pull aside a minor and force him to go to the service desk was a display of fake protocol and taking advantage of a child.,BizKris_STL,,,,,1.0,,,,,1.0,,,1.0,,
219,980,"My brother have gone through a pathetic experience from Air Asia. Very unprofessional, never fly will Air Asia. I will now have to complaint to DGCA on the experience my brother has to go through..pic.twitter.com/oELGyN738q",souravxidas,,,,,,,,,,1.0,,,1.0,,
220,981,Anyone want to help me get @delta√¢‚Ç¨‚Ñ¢s attention here? https://twitter.com/tkonz/status/1106356033910460416 √¢‚Ç¨¬¶,Crutnacker,,,,,,,,,,,,,,,
221,982,"I had to search like I was booking, find the flights I booked, and click on the flight number. Hopefully they ground them like all other countries...",MeggieAC,,,,,,,,,,,,,,,
222,983,Gotta fly @SouthwestAir,JessParrish,,,,,,,,,,,,,,,üôåüèº
223,984,. @Delta√¢‚Ç¨‚Ñ¢s first aircraft with all four branded seat products takes off on select flights ... https://news.delta.com/tailored-travel-delta-debut-first-aircraft-all-four-seat-experiences-march √¢‚Ç¨¬¶ @DeltaNewsHub #airtravel #businesstravel #bleisure #airlines #airlineseatingpic.twitter.com/5prF9pCCPC,OdysseyMG,,,,,,,,,,,,,,,
224,985,London Heathrow,tourism_slo,,,,,,,,,,,,,,,
225,986,"@British_Airways I booked a trip to New York just a week ago, and several times I√¢‚Ç¨‚Ñ¢ve now seen it cheaper! And you had the audacity to save me 12p on my flight/hotel combo! Very unfair.",SamuelIngham,,,1.0,,,,,,,1.0,,,1.0,,
226,987,Watching the @Delta ground crews working outside in Detroit. Can√¢‚Ç¨‚Ñ¢t imagine their jobs on a good day let alone in -4 temps #dedication,jmountz1,,,,,,,,,1.0,,,1.0,,,
227,988,This is nicer livery than the current scheme. Love it.,RealRichardDoes,,,,,,,,,,,,,,,
228,989,Just DM√¢‚Ç¨‚Ñ¢d you. This is insane.,natttttyc,,,,,,,,,,,,,,,
229,990,". @AmericanAir, almost an hour delay after boarding to wait for connecting passengers from another flight....",JoeSchroe85,,1.0,,,,,,,,1.0,,,1.0,,
230,991,Have fun Bianca you will slay as always x,LkLoz28,,,,,,,,,,,,,,,
231,992,Oh she went there!pic.twitter.com/5ajMrZLzWb,miloregio,,,,,,,,,,,,,,,
232,993,hey @AmericanAir there's a serious humanitarian crisis happening in venezuela and this is how you respond?? #sosvenezuelahttps://twitter.com/cealvg/status/1105246450697625601 √¢‚Ç¨¬¶,CristyyV,,,,,,,,,,1.0,,,1.0,,
233,994,appreciate y'all!,meganmcface,,,,,,,,,,,,,,,
234,995,"@AmericanAir thanks for rotten service. 6:00 am tried to change seats for an upcoming flight at kiosk in ORD didn√¢‚Ç¨‚Ñ¢t work gate agent said √¢‚Ç¨≈ìsame error√¢‚Ç¨¬ù, called AAdtge line put on hold, tried at BOS didn√¢‚Ç¨‚Ñ¢t work. Finally worked only lousy seats left. Hate that my work makes me fly AA",stavilla4,,,,,1.0,,,,,1.0,,,1.0,,
235,996,Gotta LUV @SouthwestAir !,spacecookiemom,,,,,,,,,1.0,,,1.0,,,üíú ‚ù§Ô∏è üß° üòÇ
236,997,That looks like an old car next to the plane.,__Alex__H__,,,,,,,,,,,,,,,
237,998,". @SouthwestAir employees cheering, clapping, waving signs, and making deplaning feel like you're in a parade. How's that for peak-end rule? cc @barrykirkpic.twitter.com/28UhaNgO1g",zarakstar,,,,,1.0,,,,1.0,,,1.0,,,
238,999,Frozen RT @DaveWallsworth : Flying past Novosibirsk on the way to Hong Kong last night. I think -38√Ç¬∞C qualifies as properly cold! #A380 @British_Airways pic.twitter.com/Myajb4mcjy,GerardZA,,,,,,,,,,,,,,,
239,1000,"@AirAsiaSupport Hi again, I've been chasing a refund now for 8 months,07866099 is just one reference- please can you just settle this! My bank have said it's in your hands-hugely frustrating and terrible service @AirAsia dissapointed",LaurenGreenwoo8,,,,,,,,,,1.0,,,1.0,,
